objectid,filename,type,format,Signatura,title,date,description,subject,Idioma,Licenza,Comentario,Data_dix,youtubeid,vimeoid
id000001,id000001.pdf,Image;StillImage,application/pdf,pg_9_12_01bl,Reglamentación de trabajo en la Empresa Nacional Bazán,1960,,regulamento;Bazán,Castelán,https://creativecommons.org/licenses/by-sa/4.0/deed.es_ES,Proba comentario,12/2/2018,,
id000002,id000002.jpg,Image;StillImage,image/jpeg,"Vol.079-210-1.2.1.-Alb.Varios 73-80,M-22,Vista Factoría,21-7-75",Vista área Astaleiro Ferrol,21/7/1975,,vista aérea;Ferrol,,https://creativecommons.org/licenses/by-sa/4.0/deed.es_ES,Proba comentario,12/2/2018,,
id000003,id000003.jpg,Image;StillImage,image/jpeg,"Vol.085-002-1.6.-Alb.Varios,FN 20091,Office Cocina del personal.,2-2-81",Office cociña do personal,2/2/1981,,Cociña;Ferrol,,https://creativecommons.org/licenses/by-sa/4.0/deed.es_ES,Proba comentario,12/2/2018,,
id000004,id000004.jpg,Image;StillImage,image/jpeg,"Vol.085-003-1.6.-Alb.Varios,FN 20093,Enfermería,Sala de Reconocimiento,2-2-81",Enfermaría - Sala de Recoñecemento,2/2/1981,,Enfermaría;Ferrol,,https://creativecommons.org/licenses/by-sa/4.0/deed.es_ES,Proba comentario,12/2/2018,,
id000005,,Image;StillImage,image/jpeg,Sig.000005,Rex.000005,1800,,regulamento;Bazán,,,,,,
id000006,,Image;StillImage,image/jpeg,Sig.000006,Rex.000006,1801,,vista aérea;Ferrol,,,,,,
id000007,,Image;StillImage,image/jpeg,Sig.000007,Rex.000007,1802,,Cociña;Ferrol,,,,,,
id000008,,Image;StillImage,image/jpeg,Sig.000008,Rex.000008,1803,,Enfermaría;Ferrol,,,,,,
id000009,,Image;StillImage,image/jpeg,Sig.000009,Rex.000009,1804,,regulamento;Bazán,,,,,,
id000010,,Image;StillImage,image/jpeg,Sig.000010,Rex.000010,1805,,vista aérea;Ferrol,,,,,,
id000011,,Image;StillImage,image/jpeg,Sig.000011,Rex.000011,1806,,Cociña;Ferrol,,,,,,
id000012,,Image;StillImage,image/jpeg,Sig.000012,Rex.000012,1807,,Enfermaría;Ferrol,,,,,,
id000013,,Image;StillImage,image/jpeg,Sig.000013,Rex.000013,1808,,regulamento;Bazán,,,,,,
id000014,,Image;StillImage,image/jpeg,Sig.000014,Rex.000014,1809,,vista aérea;Ferrol,,,,,,
id000015,,Image;StillImage,image/jpeg,Sig.000015,Rex.000015,1810,,Cociña;Ferrol,,,,,,
id000016,,Image;StillImage,image/jpeg,Sig.000016,Rex.000016,1811,,Enfermaría;Ferrol,,,,,,
id000017,,Image;StillImage,image/jpeg,Sig.000017,Rex.000017,1812,,regulamento;Bazán,,,,,,
id000018,,Image;StillImage,image/jpeg,Sig.000018,Rex.000018,1813,,vista aérea;Ferrol,,,,,,
id000019,,Image;StillImage,image/jpeg,Sig.000019,Rex.000019,1814,,Cociña;Ferrol,,,,,,
id000020,,Image;StillImage,image/jpeg,Sig.000020,Rex.000020,1815,,Enfermaría;Ferrol,,,,,,
id000021,,Image;StillImage,image/jpeg,Sig.000021,Rex.000021,1816,,regulamento;Bazán,,,,,,
id000022,,Image;StillImage,image/jpeg,Sig.000022,Rex.000022,1817,,vista aérea;Ferrol,,,,,,
id000023,,Image;StillImage,image/jpeg,Sig.000023,Rex.000023,1818,,Cociña;Ferrol,,,,,,
id000024,,Image;StillImage,image/jpeg,Sig.000024,Rex.000024,1819,,Enfermaría;Ferrol,,,,,,
id000025,,Image;StillImage,image/jpeg,Sig.000025,Rex.000025,1820,,regulamento;Bazán,,,,,,
id000026,,Image;StillImage,image/jpeg,Sig.000026,Rex.000026,1821,,vista aérea;Ferrol,,,,,,
id000027,,Image;StillImage,image/jpeg,Sig.000027,Rex.000027,1822,,Cociña;Ferrol,,,,,,
id000028,,Image;StillImage,image/jpeg,Sig.000028,Rex.000028,1823,,Enfermaría;Ferrol,,,,,,
id000029,,Image;StillImage,image/jpeg,Sig.000029,Rex.000029,1824,,regulamento;Bazán,,,,,,
id000030,,Image;StillImage,image/jpeg,Sig.000030,Rex.000030,1825,,vista aérea;Ferrol,,,,,,
id000031,,Image;StillImage,image/jpeg,Sig.000031,Rex.000031,1826,,Cociña;Ferrol,,,,,,
id000032,,Image;StillImage,image/jpeg,Sig.000032,Rex.000032,1827,,Enfermaría;Ferrol,,,,,,
id000033,,Image;StillImage,image/jpeg,Sig.000033,Rex.000033,1828,,regulamento;Bazán,,,,,,
id000034,,Image;StillImage,image/jpeg,Sig.000034,Rex.000034,1829,,vista aérea;Ferrol,,,,,,
id000035,,Image;StillImage,image/jpeg,Sig.000035,Rex.000035,1830,,Cociña;Ferrol,,,,,,
id000036,,Image;StillImage,image/jpeg,Sig.000036,Rex.000036,1831,,Enfermaría;Ferrol,,,,,,
id000037,,Image;StillImage,image/jpeg,Sig.000037,Rex.000037,1832,,regulamento;Bazán,,,,,,
id000038,,Image;StillImage,image/jpeg,Sig.000038,Rex.000038,1833,,vista aérea;Ferrol,,,,,,
id000039,,Image;StillImage,image/jpeg,Sig.000039,Rex.000039,1834,,Cociña;Ferrol,,,,,,
id000040,,Image;StillImage,image/jpeg,Sig.000040,Rex.000040,1835,,Enfermaría;Ferrol,,,,,,
id000041,,Image;StillImage,image/jpeg,Sig.000041,Rex.000041,1836,,regulamento;Bazán,,,,,,
id000042,,Image;StillImage,image/jpeg,Sig.000042,Rex.000042,1837,,vista aérea;Ferrol,,,,,,
id000043,,Image;StillImage,image/jpeg,Sig.000043,Rex.000043,1838,,Cociña;Ferrol,,,,,,
id000044,,Image;StillImage,image/jpeg,Sig.000044,Rex.000044,1839,,Enfermaría;Ferrol,,,,,,
id000045,,Image;StillImage,image/jpeg,Sig.000045,Rex.000045,1840,,regulamento;Bazán,,,,,,
id000046,,Image;StillImage,image/jpeg,Sig.000046,Rex.000046,1841,,vista aérea;Ferrol,,,,,,
id000047,,Image;StillImage,image/jpeg,Sig.000047,Rex.000047,1842,,Cociña;Ferrol,,,,,,
id000048,,Image;StillImage,image/jpeg,Sig.000048,Rex.000048,1843,,Enfermaría;Ferrol,,,,,,
id000049,,Image;StillImage,image/jpeg,Sig.000049,Rex.000049,1844,,regulamento;Bazán,,,,,,
id000050,,Image;StillImage,image/jpeg,Sig.000050,Rex.000050,1845,,vista aérea;Ferrol,,,,,,
id000051,,Image;StillImage,image/jpeg,Sig.000051,Rex.000051,1846,,Cociña;Ferrol,,,,,,
id000052,,Image;StillImage,image/jpeg,Sig.000052,Rex.000052,1847,,Enfermaría;Ferrol,,,,,,
id000053,,Image;StillImage,image/jpeg,Sig.000053,Rex.000053,1848,,regulamento;Bazán,,,,,,
id000054,,Image;StillImage,image/jpeg,Sig.000054,Rex.000054,1849,,vista aérea;Ferrol,,,,,,
id000055,,Image;StillImage,image/jpeg,Sig.000055,Rex.000055,1850,,Cociña;Ferrol,,,,,,
id000056,,Image;StillImage,image/jpeg,Sig.000056,Rex.000056,1851,,Enfermaría;Ferrol,,,,,,
id000057,,Image;StillImage,image/jpeg,Sig.000057,Rex.000057,1852,,regulamento;Bazán,,,,,,
id000058,,Image;StillImage,image/jpeg,Sig.000058,Rex.000058,1853,,vista aérea;Ferrol,,,,,,
id000059,,Image;StillImage,image/jpeg,Sig.000059,Rex.000059,1854,,Cociña;Ferrol,,,,,,
id000060,,Image;StillImage,image/jpeg,Sig.000060,Rex.000060,1855,,Enfermaría;Ferrol,,,,,,
id000061,,Image;StillImage,image/jpeg,Sig.000061,Rex.000061,1856,,regulamento;Bazán,,,,,,
id000062,,Image;StillImage,image/jpeg,Sig.000062,Rex.000062,1857,,vista aérea;Ferrol,,,,,,
id000063,,Image;StillImage,image/jpeg,Sig.000063,Rex.000063,1858,,Cociña;Ferrol,,,,,,
id000064,,Image;StillImage,image/jpeg,Sig.000064,Rex.000064,1859,,Enfermaría;Ferrol,,,,,,
id000065,,Image;StillImage,image/jpeg,Sig.000065,Rex.000065,1860,,regulamento;Bazán,,,,,,
id000066,,Image;StillImage,image/jpeg,Sig.000066,Rex.000066,1861,,vista aérea;Ferrol,,,,,,
id000067,,Image;StillImage,image/jpeg,Sig.000067,Rex.000067,1862,,Cociña;Ferrol,,,,,,
id000068,,Image;StillImage,image/jpeg,Sig.000068,Rex.000068,1863,,Enfermaría;Ferrol,,,,,,
id000069,,Image;StillImage,image/jpeg,Sig.000069,Rex.000069,1864,,regulamento;Bazán,,,,,,
id000070,,Image;StillImage,image/jpeg,Sig.000070,Rex.000070,1865,,vista aérea;Ferrol,,,,,,
id000071,,Image;StillImage,image/jpeg,Sig.000071,Rex.000071,1866,,Cociña;Ferrol,,,,,,
id000072,,Image;StillImage,image/jpeg,Sig.000072,Rex.000072,1867,,Enfermaría;Ferrol,,,,,,
id000073,,Image;StillImage,image/jpeg,Sig.000073,Rex.000073,1868,,regulamento;Bazán,,,,,,
id000074,,Image;StillImage,image/jpeg,Sig.000074,Rex.000074,1869,,vista aérea;Ferrol,,,,,,
id000075,,Image;StillImage,image/jpeg,Sig.000075,Rex.000075,1870,,Cociña;Ferrol,,,,,,
id000076,,Image;StillImage,image/jpeg,Sig.000076,Rex.000076,1871,,Enfermaría;Ferrol,,,,,,
id000077,,Image;StillImage,image/jpeg,Sig.000077,Rex.000077,1872,,regulamento;Bazán,,,,,,
id000078,,Image;StillImage,image/jpeg,Sig.000078,Rex.000078,1873,,vista aérea;Ferrol,,,,,,
id000079,,Image;StillImage,image/jpeg,Sig.000079,Rex.000079,1874,,Cociña;Ferrol,,,,,,
id000080,,Image;StillImage,image/jpeg,Sig.000080,Rex.000080,1875,,Enfermaría;Ferrol,,,,,,
id000081,,Image;StillImage,image/jpeg,Sig.000081,Rex.000081,1876,,regulamento;Bazán,,,,,,
id000082,,Image;StillImage,image/jpeg,Sig.000082,Rex.000082,1877,,vista aérea;Ferrol,,,,,,
id000083,,Image;StillImage,image/jpeg,Sig.000083,Rex.000083,1878,,Cociña;Ferrol,,,,,,
id000084,,Image;StillImage,image/jpeg,Sig.000084,Rex.000084,1879,,Enfermaría;Ferrol,,,,,,
id000085,,Image;StillImage,image/jpeg,Sig.000085,Rex.000085,1880,,regulamento;Bazán,,,,,,
id000086,,Image;StillImage,image/jpeg,Sig.000086,Rex.000086,1881,,vista aérea;Ferrol,,,,,,
id000087,,Image;StillImage,image/jpeg,Sig.000087,Rex.000087,1882,,Cociña;Ferrol,,,,,,
id000088,,Image;StillImage,image/jpeg,Sig.000088,Rex.000088,1883,,Enfermaría;Ferrol,,,,,,
id000089,,Image;StillImage,image/jpeg,Sig.000089,Rex.000089,1884,,regulamento;Bazán,,,,,,
id000090,,Image;StillImage,image/jpeg,Sig.000090,Rex.000090,1885,,vista aérea;Ferrol,,,,,,
id000091,,Image;StillImage,image/jpeg,Sig.000091,Rex.000091,1886,,Cociña;Ferrol,,,,,,
id000092,,Image;StillImage,image/jpeg,Sig.000092,Rex.000092,1887,,Enfermaría;Ferrol,,,,,,
id000093,,Image;StillImage,image/jpeg,Sig.000093,Rex.000093,1888,,regulamento;Bazán,,,,,,
id000094,,Image;StillImage,image/jpeg,Sig.000094,Rex.000094,1889,,vista aérea;Ferrol,,,,,,
id000095,,Image;StillImage,image/jpeg,Sig.000095,Rex.000095,1890,,Cociña;Ferrol,,,,,,
id000096,,Image;StillImage,image/jpeg,Sig.000096,Rex.000096,1891,,Enfermaría;Ferrol,,,,,,
id000097,,Image;StillImage,image/jpeg,Sig.000097,Rex.000097,1892,,regulamento;Bazán,,,,,,
id000098,,Image;StillImage,image/jpeg,Sig.000098,Rex.000098,1893,,vista aérea;Ferrol,,,,,,
id000099,,Image;StillImage,image/jpeg,Sig.000099,Rex.000099,1894,,Cociña;Ferrol,,,,,,
id000100,,Image;StillImage,image/jpeg,Sig.000100,Rex.000100,1895,,Enfermaría;Ferrol,,,,,,
id000101,,Image;StillImage,image/jpeg,Sig.000101,Rex.000101,1896,,regulamento;Bazán,,,,,,
id000102,,Image;StillImage,image/jpeg,Sig.000102,Rex.000102,1897,,vista aérea;Ferrol,,,,,,
id000103,,Image;StillImage,image/jpeg,Sig.000103,Rex.000103,1898,,Cociña;Ferrol,,,,,,
id000104,,Image;StillImage,image/jpeg,Sig.000104,Rex.000104,1899,,Enfermaría;Ferrol,,,,,,
id000105,,Image;StillImage,image/jpeg,Sig.000105,Rex.000105,1900,,regulamento;Bazán,,,,,,
id000106,,Image;StillImage,image/jpeg,Sig.000106,Rex.000106,1901,,vista aérea;Ferrol,,,,,,
id000107,,Image;StillImage,image/jpeg,Sig.000107,Rex.000107,1902,,Cociña;Ferrol,,,,,,
id000108,,Image;StillImage,image/jpeg,Sig.000108,Rex.000108,1903,,Enfermaría;Ferrol,,,,,,
id000109,,Image;StillImage,image/jpeg,Sig.000109,Rex.000109,1904,,regulamento;Bazán,,,,,,
id000110,,Image;StillImage,image/jpeg,Sig.000110,Rex.000110,1905,,vista aérea;Ferrol,,,,,,
id000111,,Image;StillImage,image/jpeg,Sig.000111,Rex.000111,1906,,Cociña;Ferrol,,,,,,
id000112,,Image;StillImage,image/jpeg,Sig.000112,Rex.000112,1907,,Enfermaría;Ferrol,,,,,,
id000113,,Image;StillImage,image/jpeg,Sig.000113,Rex.000113,1908,,regulamento;Bazán,,,,,,
id000114,,Image;StillImage,image/jpeg,Sig.000114,Rex.000114,1909,,vista aérea;Ferrol,,,,,,
id000115,,Image;StillImage,image/jpeg,Sig.000115,Rex.000115,1910,,Cociña;Ferrol,,,,,,
id000116,,Image;StillImage,image/jpeg,Sig.000116,Rex.000116,1911,,Enfermaría;Ferrol,,,,,,
id000117,,Image;StillImage,image/jpeg,Sig.000117,Rex.000117,1912,,regulamento;Bazán,,,,,,
id000118,,Image;StillImage,image/jpeg,Sig.000118,Rex.000118,1913,,vista aérea;Ferrol,,,,,,
id000119,,Image;StillImage,image/jpeg,Sig.000119,Rex.000119,1914,,Cociña;Ferrol,,,,,,
id000120,,Image;StillImage,image/jpeg,Sig.000120,Rex.000120,1915,,Enfermaría;Ferrol,,,,,,
id000121,,Image;StillImage,image/jpeg,Sig.000121,Rex.000121,1916,,regulamento;Bazán,,,,,,
id000122,,Image;StillImage,image/jpeg,Sig.000122,Rex.000122,1917,,vista aérea;Ferrol,,,,,,
id000123,,Image;StillImage,image/jpeg,Sig.000123,Rex.000123,1918,,Cociña;Ferrol,,,,,,
id000124,,Image;StillImage,image/jpeg,Sig.000124,Rex.000124,1919,,Enfermaría;Ferrol,,,,,,
id000125,,Image;StillImage,image/jpeg,Sig.000125,Rex.000125,1920,,regulamento;Bazán,,,,,,
id000126,,Image;StillImage,image/jpeg,Sig.000126,Rex.000126,1921,,vista aérea;Ferrol,,,,,,
id000127,,Image;StillImage,image/jpeg,Sig.000127,Rex.000127,1922,,Cociña;Ferrol,,,,,,
id000128,,Image;StillImage,image/jpeg,Sig.000128,Rex.000128,1923,,Enfermaría;Ferrol,,,,,,
id000129,,Image;StillImage,image/jpeg,Sig.000129,Rex.000129,1924,,regulamento;Bazán,,,,,,
id000130,,Image;StillImage,image/jpeg,Sig.000130,Rex.000130,1925,,vista aérea;Ferrol,,,,,,
id000131,,Image;StillImage,image/jpeg,Sig.000131,Rex.000131,1926,,Cociña;Ferrol,,,,,,
id000132,,Image;StillImage,image/jpeg,Sig.000132,Rex.000132,1927,,Enfermaría;Ferrol,,,,,,
id000133,,Image;StillImage,image/jpeg,Sig.000133,Rex.000133,1928,,regulamento;Bazán,,,,,,
id000134,,Image;StillImage,image/jpeg,Sig.000134,Rex.000134,1929,,vista aérea;Ferrol,,,,,,
id000135,,Image;StillImage,image/jpeg,Sig.000135,Rex.000135,1930,,Cociña;Ferrol,,,,,,
id000136,,Image;StillImage,image/jpeg,Sig.000136,Rex.000136,1931,,Enfermaría;Ferrol,,,,,,
id000137,,Image;StillImage,image/jpeg,Sig.000137,Rex.000137,1932,,regulamento;Bazán,,,,,,
id000138,,Image;StillImage,image/jpeg,Sig.000138,Rex.000138,1933,,vista aérea;Ferrol,,,,,,
id000139,,Image;StillImage,image/jpeg,Sig.000139,Rex.000139,1934,,Cociña;Ferrol,,,,,,
id000140,,Image;StillImage,image/jpeg,Sig.000140,Rex.000140,1935,,Enfermaría;Ferrol,,,,,,
id000141,,Image;StillImage,image/jpeg,Sig.000141,Rex.000141,1936,,regulamento;Bazán,,,,,,
id000142,,Image;StillImage,image/jpeg,Sig.000142,Rex.000142,1937,,vista aérea;Ferrol,,,,,,
id000143,,Image;StillImage,image/jpeg,Sig.000143,Rex.000143,1938,,Cociña;Ferrol,,,,,,
id000144,,Image;StillImage,image/jpeg,Sig.000144,Rex.000144,1939,,Enfermaría;Ferrol,,,,,,
id000145,,Image;StillImage,image/jpeg,Sig.000145,Rex.000145,1940,,regulamento;Bazán,,,,,,
id000146,,Image;StillImage,image/jpeg,Sig.000146,Rex.000146,1941,,vista aérea;Ferrol,,,,,,
id000147,,Image;StillImage,image/jpeg,Sig.000147,Rex.000147,1942,,Cociña;Ferrol,,,,,,
id000148,,Image;StillImage,image/jpeg,Sig.000148,Rex.000148,1943,,Enfermaría;Ferrol,,,,,,
id000149,,Image;StillImage,image/jpeg,Sig.000149,Rex.000149,1944,,regulamento;Bazán,,,,,,
id000150,,Image;StillImage,image/jpeg,Sig.000150,Rex.000150,1945,,vista aérea;Ferrol,,,,,,
id000151,,Image;StillImage,image/jpeg,Sig.000151,Rex.000151,1946,,Cociña;Ferrol,,,,,,
id000152,,Image;StillImage,image/jpeg,Sig.000152,Rex.000152,1947,,Enfermaría;Ferrol,,,,,,
id000153,,Image;StillImage,image/jpeg,Sig.000153,Rex.000153,1948,,regulamento;Bazán,,,,,,
id000154,,Image;StillImage,image/jpeg,Sig.000154,Rex.000154,1949,,vista aérea;Ferrol,,,,,,
id000155,,Image;StillImage,image/jpeg,Sig.000155,Rex.000155,1950,,Cociña;Ferrol,,,,,,
id000156,,Image;StillImage,image/jpeg,Sig.000156,Rex.000156,1951,,Enfermaría;Ferrol,,,,,,
id000157,,Image;StillImage,image/jpeg,Sig.000157,Rex.000157,1952,,regulamento;Bazán,,,,,,
id000158,,Image;StillImage,image/jpeg,Sig.000158,Rex.000158,1953,,vista aérea;Ferrol,,,,,,
id000159,,Image;StillImage,image/jpeg,Sig.000159,Rex.000159,1954,,Cociña;Ferrol,,,,,,
id000160,,Image;StillImage,image/jpeg,Sig.000160,Rex.000160,1955,,Enfermaría;Ferrol,,,,,,
id000161,,Image;StillImage,image/jpeg,Sig.000161,Rex.000161,1956,,regulamento;Bazán,,,,,,
id000162,,Image;StillImage,image/jpeg,Sig.000162,Rex.000162,1957,,vista aérea;Ferrol,,,,,,
id000163,,Image;StillImage,image/jpeg,Sig.000163,Rex.000163,1958,,Cociña;Ferrol,,,,,,
id000164,,Image;StillImage,image/jpeg,Sig.000164,Rex.000164,1959,,Enfermaría;Ferrol,,,,,,
id000165,,Image;StillImage,image/jpeg,Sig.000165,Rex.000165,1960,,regulamento;Bazán,,,,,,
id000166,,Image;StillImage,image/jpeg,Sig.000166,Rex.000166,1961,,vista aérea;Ferrol,,,,,,
id000167,,Image;StillImage,image/jpeg,Sig.000167,Rex.000167,1962,,Cociña;Ferrol,,,,,,
id000168,,Image;StillImage,image/jpeg,Sig.000168,Rex.000168,1963,,Enfermaría;Ferrol,,,,,,
id000169,,Image;StillImage,image/jpeg,Sig.000169,Rex.000169,1964,,regulamento;Bazán,,,,,,
id000170,,Image;StillImage,image/jpeg,Sig.000170,Rex.000170,1965,,vista aérea;Ferrol,,,,,,
id000171,,Image;StillImage,image/jpeg,Sig.000171,Rex.000171,1966,,Cociña;Ferrol,,,,,,
id000172,,Image;StillImage,image/jpeg,Sig.000172,Rex.000172,1967,,Enfermaría;Ferrol,,,,,,
id000173,,Image;StillImage,image/jpeg,Sig.000173,Rex.000173,1968,,regulamento;Bazán,,,,,,
id000174,,Image;StillImage,image/jpeg,Sig.000174,Rex.000174,1969,,vista aérea;Ferrol,,,,,,
id000175,,Image;StillImage,image/jpeg,Sig.000175,Rex.000175,1970,,Cociña;Ferrol,,,,,,
id000176,,Image;StillImage,image/jpeg,Sig.000176,Rex.000176,1971,,Enfermaría;Ferrol,,,,,,
id000177,,Image;StillImage,image/jpeg,Sig.000177,Rex.000177,1972,,regulamento;Bazán,,,,,,
id000178,,Image;StillImage,image/jpeg,Sig.000178,Rex.000178,1973,,vista aérea;Ferrol,,,,,,
id000179,,Image;StillImage,image/jpeg,Sig.000179,Rex.000179,1974,,Cociña;Ferrol,,,,,,
id000180,,Image;StillImage,image/jpeg,Sig.000180,Rex.000180,1975,,Enfermaría;Ferrol,,,,,,
id000181,,Image;StillImage,image/jpeg,Sig.000181,Rex.000181,1976,,regulamento;Bazán,,,,,,
id000182,,Image;StillImage,image/jpeg,Sig.000182,Rex.000182,1977,,vista aérea;Ferrol,,,,,,
id000183,,Image;StillImage,image/jpeg,Sig.000183,Rex.000183,1978,,Cociña;Ferrol,,,,,,
id000184,,Image;StillImage,image/jpeg,Sig.000184,Rex.000184,1979,,Enfermaría;Ferrol,,,,,,
id000185,,Image;StillImage,image/jpeg,Sig.000185,Rex.000185,1980,,regulamento;Bazán,,,,,,
id000186,,Image;StillImage,image/jpeg,Sig.000186,Rex.000186,1981,,vista aérea;Ferrol,,,,,,
id000187,,Image;StillImage,image/jpeg,Sig.000187,Rex.000187,1982,,Cociña;Ferrol,,,,,,
id000188,,Image;StillImage,image/jpeg,Sig.000188,Rex.000188,1983,,Enfermaría;Ferrol,,,,,,
id000189,,Image;StillImage,image/jpeg,Sig.000189,Rex.000189,1984,,regulamento;Bazán,,,,,,
id000190,,Image;StillImage,image/jpeg,Sig.000190,Rex.000190,1985,,vista aérea;Ferrol,,,,,,
id000191,,Image;StillImage,image/jpeg,Sig.000191,Rex.000191,1986,,Cociña;Ferrol,,,,,,
id000192,,Image;StillImage,image/jpeg,Sig.000192,Rex.000192,1987,,Enfermaría;Ferrol,,,,,,
id000193,,Image;StillImage,image/jpeg,Sig.000193,Rex.000193,1988,,regulamento;Bazán,,,,,,
id000194,,Image;StillImage,image/jpeg,Sig.000194,Rex.000194,1989,,vista aérea;Ferrol,,,,,,
id000195,,Image;StillImage,image/jpeg,Sig.000195,Rex.000195,1800,,Cociña;Ferrol,,,,,,
id000196,,Image;StillImage,image/jpeg,Sig.000196,Rex.000196,1801,,Enfermaría;Ferrol,,,,,,
id000197,,Image;StillImage,image/jpeg,Sig.000197,Rex.000197,1802,,regulamento;Bazán,,,,,,
id000198,,Image;StillImage,image/jpeg,Sig.000198,Rex.000198,1803,,vista aérea;Ferrol,,,,,,
id000199,,Image;StillImage,image/jpeg,Sig.000199,Rex.000199,1804,,Cociña;Ferrol,,,,,,
id000200,,Image;StillImage,image/jpeg,Sig.000200,Rex.000200,1805,,Enfermaría;Ferrol,,,,,,
id000201,,Image;StillImage,image/jpeg,Sig.000201,Rex.000201,1806,,regulamento;Bazán,,,,,,
id000202,,Image;StillImage,image/jpeg,Sig.000202,Rex.000202,1807,,vista aérea;Ferrol,,,,,,
id000203,,Image;StillImage,image/jpeg,Sig.000203,Rex.000203,1808,,Cociña;Ferrol,,,,,,
id000204,,Image;StillImage,image/jpeg,Sig.000204,Rex.000204,1809,,Enfermaría;Ferrol,,,,,,
id000205,,Image;StillImage,image/jpeg,Sig.000205,Rex.000205,1810,,regulamento;Bazán,,,,,,
id000206,,Image;StillImage,image/jpeg,Sig.000206,Rex.000206,1811,,vista aérea;Ferrol,,,,,,
id000207,,Image;StillImage,image/jpeg,Sig.000207,Rex.000207,1812,,Cociña;Ferrol,,,,,,
id000208,,Image;StillImage,image/jpeg,Sig.000208,Rex.000208,1813,,Enfermaría;Ferrol,,,,,,
id000209,,Image;StillImage,image/jpeg,Sig.000209,Rex.000209,1814,,regulamento;Bazán,,,,,,
id000210,,Image;StillImage,image/jpeg,Sig.000210,Rex.000210,1815,,vista aérea;Ferrol,,,,,,
id000211,,Image;StillImage,image/jpeg,Sig.000211,Rex.000211,1816,,Cociña;Ferrol,,,,,,
id000212,,Image;StillImage,image/jpeg,Sig.000212,Rex.000212,1817,,Enfermaría;Ferrol,,,,,,
id000213,,Image;StillImage,image/jpeg,Sig.000213,Rex.000213,1818,,regulamento;Bazán,,,,,,
id000214,,Image;StillImage,image/jpeg,Sig.000214,Rex.000214,1819,,vista aérea;Ferrol,,,,,,
id000215,,Image;StillImage,image/jpeg,Sig.000215,Rex.000215,1820,,Cociña;Ferrol,,,,,,
id000216,,Image;StillImage,image/jpeg,Sig.000216,Rex.000216,1821,,Enfermaría;Ferrol,,,,,,
id000217,,Image;StillImage,image/jpeg,Sig.000217,Rex.000217,1822,,regulamento;Bazán,,,,,,
id000218,,Image;StillImage,image/jpeg,Sig.000218,Rex.000218,1823,,vista aérea;Ferrol,,,,,,
id000219,,Image;StillImage,image/jpeg,Sig.000219,Rex.000219,1824,,Cociña;Ferrol,,,,,,
id000220,,Image;StillImage,image/jpeg,Sig.000220,Rex.000220,1825,,Enfermaría;Ferrol,,,,,,
id000221,,Image;StillImage,image/jpeg,Sig.000221,Rex.000221,1826,,regulamento;Bazán,,,,,,
id000222,,Image;StillImage,image/jpeg,Sig.000222,Rex.000222,1827,,vista aérea;Ferrol,,,,,,
id000223,,Image;StillImage,image/jpeg,Sig.000223,Rex.000223,1828,,Cociña;Ferrol,,,,,,
id000224,,Image;StillImage,image/jpeg,Sig.000224,Rex.000224,1829,,Enfermaría;Ferrol,,,,,,
id000225,,Image;StillImage,image/jpeg,Sig.000225,Rex.000225,1830,,regulamento;Bazán,,,,,,
id000226,,Image;StillImage,image/jpeg,Sig.000226,Rex.000226,1831,,vista aérea;Ferrol,,,,,,
id000227,,Image;StillImage,image/jpeg,Sig.000227,Rex.000227,1832,,Cociña;Ferrol,,,,,,
id000228,,Image;StillImage,image/jpeg,Sig.000228,Rex.000228,1833,,Enfermaría;Ferrol,,,,,,
id000229,,Image;StillImage,image/jpeg,Sig.000229,Rex.000229,1834,,regulamento;Bazán,,,,,,
id000230,,Image;StillImage,image/jpeg,Sig.000230,Rex.000230,1835,,vista aérea;Ferrol,,,,,,
id000231,,Image;StillImage,image/jpeg,Sig.000231,Rex.000231,1836,,Cociña;Ferrol,,,,,,
id000232,,Image;StillImage,image/jpeg,Sig.000232,Rex.000232,1837,,Enfermaría;Ferrol,,,,,,
id000233,,Image;StillImage,image/jpeg,Sig.000233,Rex.000233,1838,,regulamento;Bazán,,,,,,
id000234,,Image;StillImage,image/jpeg,Sig.000234,Rex.000234,1839,,vista aérea;Ferrol,,,,,,
id000235,,Image;StillImage,image/jpeg,Sig.000235,Rex.000235,1840,,Cociña;Ferrol,,,,,,
id000236,,Image;StillImage,image/jpeg,Sig.000236,Rex.000236,1841,,Enfermaría;Ferrol,,,,,,
id000237,,Image;StillImage,image/jpeg,Sig.000237,Rex.000237,1842,,regulamento;Bazán,,,,,,
id000238,,Image;StillImage,image/jpeg,Sig.000238,Rex.000238,1843,,vista aérea;Ferrol,,,,,,
id000239,,Image;StillImage,image/jpeg,Sig.000239,Rex.000239,1844,,Cociña;Ferrol,,,,,,
id000240,,Image;StillImage,image/jpeg,Sig.000240,Rex.000240,1845,,Enfermaría;Ferrol,,,,,,
id000241,,Image;StillImage,image/jpeg,Sig.000241,Rex.000241,1846,,regulamento;Bazán,,,,,,
id000242,,Image;StillImage,image/jpeg,Sig.000242,Rex.000242,1847,,vista aérea;Ferrol,,,,,,
id000243,,Image;StillImage,image/jpeg,Sig.000243,Rex.000243,1848,,Cociña;Ferrol,,,,,,
id000244,,Image;StillImage,image/jpeg,Sig.000244,Rex.000244,1849,,Enfermaría;Ferrol,,,,,,
id000245,,Image;StillImage,image/jpeg,Sig.000245,Rex.000245,1850,,regulamento;Bazán,,,,,,
id000246,,Image;StillImage,image/jpeg,Sig.000246,Rex.000246,1851,,vista aérea;Ferrol,,,,,,
id000247,,Image;StillImage,image/jpeg,Sig.000247,Rex.000247,1852,,Cociña;Ferrol,,,,,,
id000248,,Image;StillImage,image/jpeg,Sig.000248,Rex.000248,1853,,Enfermaría;Ferrol,,,,,,
id000249,,Image;StillImage,image/jpeg,Sig.000249,Rex.000249,1854,,regulamento;Bazán,,,,,,
id000250,,Image;StillImage,image/jpeg,Sig.000250,Rex.000250,1855,,vista aérea;Ferrol,,,,,,
id000251,,Image;StillImage,image/jpeg,Sig.000251,Rex.000251,1856,,Cociña;Ferrol,,,,,,
id000252,,Image;StillImage,image/jpeg,Sig.000252,Rex.000252,1857,,Enfermaría;Ferrol,,,,,,
id000253,,Image;StillImage,image/jpeg,Sig.000253,Rex.000253,1858,,regulamento;Bazán,,,,,,
id000254,,Image;StillImage,image/jpeg,Sig.000254,Rex.000254,1859,,vista aérea;Ferrol,,,,,,
id000255,,Image;StillImage,image/jpeg,Sig.000255,Rex.000255,1860,,Cociña;Ferrol,,,,,,
id000256,,Image;StillImage,image/jpeg,Sig.000256,Rex.000256,1861,,Enfermaría;Ferrol,,,,,,
id000257,,Image;StillImage,image/jpeg,Sig.000257,Rex.000257,1862,,regulamento;Bazán,,,,,,
id000258,,Image;StillImage,image/jpeg,Sig.000258,Rex.000258,1863,,vista aérea;Ferrol,,,,,,
id000259,,Image;StillImage,image/jpeg,Sig.000259,Rex.000259,1864,,Cociña;Ferrol,,,,,,
id000260,,Image;StillImage,image/jpeg,Sig.000260,Rex.000260,1865,,Enfermaría;Ferrol,,,,,,
id000261,,Image;StillImage,image/jpeg,Sig.000261,Rex.000261,1866,,regulamento;Bazán,,,,,,
id000262,,Image;StillImage,image/jpeg,Sig.000262,Rex.000262,1867,,vista aérea;Ferrol,,,,,,
id000263,,Image;StillImage,image/jpeg,Sig.000263,Rex.000263,1868,,Cociña;Ferrol,,,,,,
id000264,,Image;StillImage,image/jpeg,Sig.000264,Rex.000264,1869,,Enfermaría;Ferrol,,,,,,
id000265,,Image;StillImage,image/jpeg,Sig.000265,Rex.000265,1870,,regulamento;Bazán,,,,,,
id000266,,Image;StillImage,image/jpeg,Sig.000266,Rex.000266,1871,,vista aérea;Ferrol,,,,,,
id000267,,Image;StillImage,image/jpeg,Sig.000267,Rex.000267,1872,,Cociña;Ferrol,,,,,,
id000268,,Image;StillImage,image/jpeg,Sig.000268,Rex.000268,1873,,Enfermaría;Ferrol,,,,,,
id000269,,Image;StillImage,image/jpeg,Sig.000269,Rex.000269,1874,,regulamento;Bazán,,,,,,
id000270,,Image;StillImage,image/jpeg,Sig.000270,Rex.000270,1875,,vista aérea;Ferrol,,,,,,
id000271,,Image;StillImage,image/jpeg,Sig.000271,Rex.000271,1876,,Cociña;Ferrol,,,,,,
id000272,,Image;StillImage,image/jpeg,Sig.000272,Rex.000272,1877,,Enfermaría;Ferrol,,,,,,
id000273,,Image;StillImage,image/jpeg,Sig.000273,Rex.000273,1878,,regulamento;Bazán,,,,,,
id000274,,Image;StillImage,image/jpeg,Sig.000274,Rex.000274,1879,,vista aérea;Ferrol,,,,,,
id000275,,Image;StillImage,image/jpeg,Sig.000275,Rex.000275,1880,,Cociña;Ferrol,,,,,,
id000276,,Image;StillImage,image/jpeg,Sig.000276,Rex.000276,1881,,Enfermaría;Ferrol,,,,,,
id000277,,Image;StillImage,image/jpeg,Sig.000277,Rex.000277,1882,,regulamento;Bazán,,,,,,
id000278,,Image;StillImage,image/jpeg,Sig.000278,Rex.000278,1883,,vista aérea;Ferrol,,,,,,
id000279,,Image;StillImage,image/jpeg,Sig.000279,Rex.000279,1884,,Cociña;Ferrol,,,,,,
id000280,,Image;StillImage,image/jpeg,Sig.000280,Rex.000280,1885,,Enfermaría;Ferrol,,,,,,
id000281,,Image;StillImage,image/jpeg,Sig.000281,Rex.000281,1886,,regulamento;Bazán,,,,,,
id000282,,Image;StillImage,image/jpeg,Sig.000282,Rex.000282,1887,,vista aérea;Ferrol,,,,,,
id000283,,Image;StillImage,image/jpeg,Sig.000283,Rex.000283,1888,,Cociña;Ferrol,,,,,,
id000284,,Image;StillImage,image/jpeg,Sig.000284,Rex.000284,1889,,Enfermaría;Ferrol,,,,,,
id000285,,Image;StillImage,image/jpeg,Sig.000285,Rex.000285,1890,,regulamento;Bazán,,,,,,
id000286,,Image;StillImage,image/jpeg,Sig.000286,Rex.000286,1891,,vista aérea;Ferrol,,,,,,
id000287,,Image;StillImage,image/jpeg,Sig.000287,Rex.000287,1892,,Cociña;Ferrol,,,,,,
id000288,,Image;StillImage,image/jpeg,Sig.000288,Rex.000288,1893,,Enfermaría;Ferrol,,,,,,
id000289,,Image;StillImage,image/jpeg,Sig.000289,Rex.000289,1894,,regulamento;Bazán,,,,,,
id000290,,Image;StillImage,image/jpeg,Sig.000290,Rex.000290,1895,,vista aérea;Ferrol,,,,,,
id000291,,Image;StillImage,image/jpeg,Sig.000291,Rex.000291,1896,,Cociña;Ferrol,,,,,,
id000292,,Image;StillImage,image/jpeg,Sig.000292,Rex.000292,1897,,Enfermaría;Ferrol,,,,,,
id000293,,Image;StillImage,image/jpeg,Sig.000293,Rex.000293,1898,,regulamento;Bazán,,,,,,
id000294,,Image;StillImage,image/jpeg,Sig.000294,Rex.000294,1899,,vista aérea;Ferrol,,,,,,
id000295,,Image;StillImage,image/jpeg,Sig.000295,Rex.000295,1900,,Cociña;Ferrol,,,,,,
id000296,,Image;StillImage,image/jpeg,Sig.000296,Rex.000296,1901,,Enfermaría;Ferrol,,,,,,
id000297,,Image;StillImage,image/jpeg,Sig.000297,Rex.000297,1902,,regulamento;Bazán,,,,,,
id000298,,Image;StillImage,image/jpeg,Sig.000298,Rex.000298,1903,,vista aérea;Ferrol,,,,,,
id000299,,Image;StillImage,image/jpeg,Sig.000299,Rex.000299,1904,,Cociña;Ferrol,,,,,,
id000300,,Image;StillImage,image/jpeg,Sig.000300,Rex.000300,1905,,Enfermaría;Ferrol,,,,,,
id000301,,Image;StillImage,image/jpeg,Sig.000301,Rex.000301,1906,,regulamento;Bazán,,,,,,
id000302,,Image;StillImage,image/jpeg,Sig.000302,Rex.000302,1907,,vista aérea;Ferrol,,,,,,
id000303,,Image;StillImage,image/jpeg,Sig.000303,Rex.000303,1908,,Cociña;Ferrol,,,,,,
id000304,,Image;StillImage,image/jpeg,Sig.000304,Rex.000304,1909,,Enfermaría;Ferrol,,,,,,
id000305,,Image;StillImage,image/jpeg,Sig.000305,Rex.000305,1910,,regulamento;Bazán,,,,,,
id000306,,Image;StillImage,image/jpeg,Sig.000306,Rex.000306,1911,,vista aérea;Ferrol,,,,,,
id000307,,Image;StillImage,image/jpeg,Sig.000307,Rex.000307,1912,,Cociña;Ferrol,,,,,,
id000308,,Image;StillImage,image/jpeg,Sig.000308,Rex.000308,1913,,Enfermaría;Ferrol,,,,,,
id000309,,Image;StillImage,image/jpeg,Sig.000309,Rex.000309,1914,,regulamento;Bazán,,,,,,
id000310,,Image;StillImage,image/jpeg,Sig.000310,Rex.000310,1915,,vista aérea;Ferrol,,,,,,
id000311,,Image;StillImage,image/jpeg,Sig.000311,Rex.000311,1916,,Cociña;Ferrol,,,,,,
id000312,,Image;StillImage,image/jpeg,Sig.000312,Rex.000312,1917,,Enfermaría;Ferrol,,,,,,
id000313,,Image;StillImage,image/jpeg,Sig.000313,Rex.000313,1918,,regulamento;Bazán,,,,,,
id000314,,Image;StillImage,image/jpeg,Sig.000314,Rex.000314,1919,,vista aérea;Ferrol,,,,,,
id000315,,Image;StillImage,image/jpeg,Sig.000315,Rex.000315,1920,,Cociña;Ferrol,,,,,,
id000316,,Image;StillImage,image/jpeg,Sig.000316,Rex.000316,1921,,Enfermaría;Ferrol,,,,,,
id000317,,Image;StillImage,image/jpeg,Sig.000317,Rex.000317,1922,,regulamento;Bazán,,,,,,
id000318,,Image;StillImage,image/jpeg,Sig.000318,Rex.000318,1923,,vista aérea;Ferrol,,,,,,
id000319,,Image;StillImage,image/jpeg,Sig.000319,Rex.000319,1924,,Cociña;Ferrol,,,,,,
id000320,,Image;StillImage,image/jpeg,Sig.000320,Rex.000320,1925,,Enfermaría;Ferrol,,,,,,
id000321,,Image;StillImage,image/jpeg,Sig.000321,Rex.000321,1926,,regulamento;Bazán,,,,,,
id000322,,Image;StillImage,image/jpeg,Sig.000322,Rex.000322,1927,,vista aérea;Ferrol,,,,,,
id000323,,Image;StillImage,image/jpeg,Sig.000323,Rex.000323,1928,,Cociña;Ferrol,,,,,,
id000324,,Image;StillImage,image/jpeg,Sig.000324,Rex.000324,1929,,Enfermaría;Ferrol,,,,,,
id000325,,Image;StillImage,image/jpeg,Sig.000325,Rex.000325,1930,,regulamento;Bazán,,,,,,
id000326,,Image;StillImage,image/jpeg,Sig.000326,Rex.000326,1931,,vista aérea;Ferrol,,,,,,
id000327,,Image;StillImage,image/jpeg,Sig.000327,Rex.000327,1932,,Cociña;Ferrol,,,,,,
id000328,,Image;StillImage,image/jpeg,Sig.000328,Rex.000328,1933,,Enfermaría;Ferrol,,,,,,
id000329,,Image;StillImage,image/jpeg,Sig.000329,Rex.000329,1934,,regulamento;Bazán,,,,,,
id000330,,Image;StillImage,image/jpeg,Sig.000330,Rex.000330,1935,,vista aérea;Ferrol,,,,,,
id000331,,Image;StillImage,image/jpeg,Sig.000331,Rex.000331,1936,,Cociña;Ferrol,,,,,,
id000332,,Image;StillImage,image/jpeg,Sig.000332,Rex.000332,1937,,Enfermaría;Ferrol,,,,,,
id000333,,Image;StillImage,image/jpeg,Sig.000333,Rex.000333,1938,,regulamento;Bazán,,,,,,
id000334,,Image;StillImage,image/jpeg,Sig.000334,Rex.000334,1939,,vista aérea;Ferrol,,,,,,
id000335,,Image;StillImage,image/jpeg,Sig.000335,Rex.000335,1940,,Cociña;Ferrol,,,,,,
id000336,,Image;StillImage,image/jpeg,Sig.000336,Rex.000336,1941,,Enfermaría;Ferrol,,,,,,
id000337,,Image;StillImage,image/jpeg,Sig.000337,Rex.000337,1942,,regulamento;Bazán,,,,,,
id000338,,Image;StillImage,image/jpeg,Sig.000338,Rex.000338,1943,,vista aérea;Ferrol,,,,,,
id000339,,Image;StillImage,image/jpeg,Sig.000339,Rex.000339,1944,,Cociña;Ferrol,,,,,,
id000340,,Image;StillImage,image/jpeg,Sig.000340,Rex.000340,1945,,Enfermaría;Ferrol,,,,,,
id000341,,Image;StillImage,image/jpeg,Sig.000341,Rex.000341,1946,,regulamento;Bazán,,,,,,
id000342,,Image;StillImage,image/jpeg,Sig.000342,Rex.000342,1947,,vista aérea;Ferrol,,,,,,
id000343,,Image;StillImage,image/jpeg,Sig.000343,Rex.000343,1948,,Cociña;Ferrol,,,,,,
id000344,,Image;StillImage,image/jpeg,Sig.000344,Rex.000344,1949,,Enfermaría;Ferrol,,,,,,
id000345,,Image;StillImage,image/jpeg,Sig.000345,Rex.000345,1950,,regulamento;Bazán,,,,,,
id000346,,Image;StillImage,image/jpeg,Sig.000346,Rex.000346,1951,,vista aérea;Ferrol,,,,,,
id000347,,Image;StillImage,image/jpeg,Sig.000347,Rex.000347,1952,,Cociña;Ferrol,,,,,,
id000348,,Image;StillImage,image/jpeg,Sig.000348,Rex.000348,1953,,Enfermaría;Ferrol,,,,,,
id000349,,Image;StillImage,image/jpeg,Sig.000349,Rex.000349,1954,,regulamento;Bazán,,,,,,
id000350,,Image;StillImage,image/jpeg,Sig.000350,Rex.000350,1955,,vista aérea;Ferrol,,,,,,
id000351,,Image;StillImage,image/jpeg,Sig.000351,Rex.000351,1956,,Cociña;Ferrol,,,,,,
id000352,,Image;StillImage,image/jpeg,Sig.000352,Rex.000352,1957,,Enfermaría;Ferrol,,,,,,
id000353,,Image;StillImage,image/jpeg,Sig.000353,Rex.000353,1958,,regulamento;Bazán,,,,,,
id000354,,Image;StillImage,image/jpeg,Sig.000354,Rex.000354,1959,,vista aérea;Ferrol,,,,,,
id000355,,Image;StillImage,image/jpeg,Sig.000355,Rex.000355,1960,,Cociña;Ferrol,,,,,,
id000356,,Image;StillImage,image/jpeg,Sig.000356,Rex.000356,1961,,Enfermaría;Ferrol,,,,,,
id000357,,Image;StillImage,image/jpeg,Sig.000357,Rex.000357,1962,,regulamento;Bazán,,,,,,
id000358,,Image;StillImage,image/jpeg,Sig.000358,Rex.000358,1963,,vista aérea;Ferrol,,,,,,
id000359,,Image;StillImage,image/jpeg,Sig.000359,Rex.000359,1964,,Cociña;Ferrol,,,,,,
id000360,,Image;StillImage,image/jpeg,Sig.000360,Rex.000360,1965,,Enfermaría;Ferrol,,,,,,
id000361,,Image;StillImage,image/jpeg,Sig.000361,Rex.000361,1966,,regulamento;Bazán,,,,,,
id000362,,Image;StillImage,image/jpeg,Sig.000362,Rex.000362,1967,,vista aérea;Ferrol,,,,,,
id000363,,Image;StillImage,image/jpeg,Sig.000363,Rex.000363,1968,,Cociña;Ferrol,,,,,,
id000364,,Image;StillImage,image/jpeg,Sig.000364,Rex.000364,1969,,Enfermaría;Ferrol,,,,,,
id000365,,Image;StillImage,image/jpeg,Sig.000365,Rex.000365,1970,,regulamento;Bazán,,,,,,
id000366,,Image;StillImage,image/jpeg,Sig.000366,Rex.000366,1971,,vista aérea;Ferrol,,,,,,
id000367,,Image;StillImage,image/jpeg,Sig.000367,Rex.000367,1972,,Cociña;Ferrol,,,,,,
id000368,,Image;StillImage,image/jpeg,Sig.000368,Rex.000368,1973,,Enfermaría;Ferrol,,,,,,
id000369,,Image;StillImage,image/jpeg,Sig.000369,Rex.000369,1974,,regulamento;Bazán,,,,,,
id000370,,Image;StillImage,image/jpeg,Sig.000370,Rex.000370,1975,,vista aérea;Ferrol,,,,,,
id000371,,Image;StillImage,image/jpeg,Sig.000371,Rex.000371,1976,,Cociña;Ferrol,,,,,,
id000372,,Image;StillImage,image/jpeg,Sig.000372,Rex.000372,1977,,Enfermaría;Ferrol,,,,,,
id000373,,Image;StillImage,image/jpeg,Sig.000373,Rex.000373,1978,,regulamento;Bazán,,,,,,
id000374,,Image;StillImage,image/jpeg,Sig.000374,Rex.000374,1979,,vista aérea;Ferrol,,,,,,
id000375,,Image;StillImage,image/jpeg,Sig.000375,Rex.000375,1980,,Cociña;Ferrol,,,,,,
id000376,,Image;StillImage,image/jpeg,Sig.000376,Rex.000376,1981,,Enfermaría;Ferrol,,,,,,
id000377,,Image;StillImage,image/jpeg,Sig.000377,Rex.000377,1982,,regulamento;Bazán,,,,,,
id000378,,Image;StillImage,image/jpeg,Sig.000378,Rex.000378,1983,,vista aérea;Ferrol,,,,,,
id000379,,Image;StillImage,image/jpeg,Sig.000379,Rex.000379,1984,,Cociña;Ferrol,,,,,,
id000380,,Image;StillImage,image/jpeg,Sig.000380,Rex.000380,1985,,Enfermaría;Ferrol,,,,,,
id000381,,Image;StillImage,image/jpeg,Sig.000381,Rex.000381,1986,,regulamento;Bazán,,,,,,
id000382,,Image;StillImage,image/jpeg,Sig.000382,Rex.000382,1987,,vista aérea;Ferrol,,,,,,
id000383,,Image;StillImage,image/jpeg,Sig.000383,Rex.000383,1988,,Cociña;Ferrol,,,,,,
id000384,,Image;StillImage,image/jpeg,Sig.000384,Rex.000384,1989,,Enfermaría;Ferrol,,,,,,
id000385,,Image;StillImage,image/jpeg,Sig.000385,Rex.000385,1800,,regulamento;Bazán,,,,,,
id000386,,Image;StillImage,image/jpeg,Sig.000386,Rex.000386,1801,,vista aérea;Ferrol,,,,,,
id000387,,Image;StillImage,image/jpeg,Sig.000387,Rex.000387,1802,,Cociña;Ferrol,,,,,,
id000388,,Image;StillImage,image/jpeg,Sig.000388,Rex.000388,1803,,Enfermaría;Ferrol,,,,,,
id000389,,Image;StillImage,image/jpeg,Sig.000389,Rex.000389,1804,,regulamento;Bazán,,,,,,
id000390,,Image;StillImage,image/jpeg,Sig.000390,Rex.000390,1805,,vista aérea;Ferrol,,,,,,
id000391,,Image;StillImage,image/jpeg,Sig.000391,Rex.000391,1806,,Cociña;Ferrol,,,,,,
id000392,,Image;StillImage,image/jpeg,Sig.000392,Rex.000392,1807,,Enfermaría;Ferrol,,,,,,
id000393,,Image;StillImage,image/jpeg,Sig.000393,Rex.000393,1808,,regulamento;Bazán,,,,,,
id000394,,Image;StillImage,image/jpeg,Sig.000394,Rex.000394,1809,,vista aérea;Ferrol,,,,,,
id000395,,Image;StillImage,image/jpeg,Sig.000395,Rex.000395,1810,,Cociña;Ferrol,,,,,,
id000396,,Image;StillImage,image/jpeg,Sig.000396,Rex.000396,1811,,Enfermaría;Ferrol,,,,,,
id000397,,Image;StillImage,image/jpeg,Sig.000397,Rex.000397,1812,,regulamento;Bazán,,,,,,
id000398,,Image;StillImage,image/jpeg,Sig.000398,Rex.000398,1813,,vista aérea;Ferrol,,,,,,
id000399,,Image;StillImage,image/jpeg,Sig.000399,Rex.000399,1814,,Cociña;Ferrol,,,,,,
id000400,,Image;StillImage,image/jpeg,Sig.000400,Rex.000400,1815,,Enfermaría;Ferrol,,,,,,
id000401,,Image;StillImage,image/jpeg,Sig.000401,Rex.000401,1816,,regulamento;Bazán,,,,,,
id000402,,Image;StillImage,image/jpeg,Sig.000402,Rex.000402,1817,,vista aérea;Ferrol,,,,,,
id000403,,Image;StillImage,image/jpeg,Sig.000403,Rex.000403,1818,,Cociña;Ferrol,,,,,,
id000404,,Image;StillImage,image/jpeg,Sig.000404,Rex.000404,1819,,Enfermaría;Ferrol,,,,,,
id000405,,Image;StillImage,image/jpeg,Sig.000405,Rex.000405,1820,,regulamento;Bazán,,,,,,
id000406,,Image;StillImage,image/jpeg,Sig.000406,Rex.000406,1821,,vista aérea;Ferrol,,,,,,
id000407,,Image;StillImage,image/jpeg,Sig.000407,Rex.000407,1822,,Cociña;Ferrol,,,,,,
id000408,,Image;StillImage,image/jpeg,Sig.000408,Rex.000408,1823,,Enfermaría;Ferrol,,,,,,
id000409,,Image;StillImage,image/jpeg,Sig.000409,Rex.000409,1824,,regulamento;Bazán,,,,,,
id000410,,Image;StillImage,image/jpeg,Sig.000410,Rex.000410,1825,,vista aérea;Ferrol,,,,,,
id000411,,Image;StillImage,image/jpeg,Sig.000411,Rex.000411,1826,,Cociña;Ferrol,,,,,,
id000412,,Image;StillImage,image/jpeg,Sig.000412,Rex.000412,1827,,Enfermaría;Ferrol,,,,,,
id000413,,Image;StillImage,image/jpeg,Sig.000413,Rex.000413,1828,,regulamento;Bazán,,,,,,
id000414,,Image;StillImage,image/jpeg,Sig.000414,Rex.000414,1829,,vista aérea;Ferrol,,,,,,
id000415,,Image;StillImage,image/jpeg,Sig.000415,Rex.000415,1830,,Cociña;Ferrol,,,,,,
id000416,,Image;StillImage,image/jpeg,Sig.000416,Rex.000416,1831,,Enfermaría;Ferrol,,,,,,
id000417,,Image;StillImage,image/jpeg,Sig.000417,Rex.000417,1832,,regulamento;Bazán,,,,,,
id000418,,Image;StillImage,image/jpeg,Sig.000418,Rex.000418,1833,,vista aérea;Ferrol,,,,,,
id000419,,Image;StillImage,image/jpeg,Sig.000419,Rex.000419,1834,,Cociña;Ferrol,,,,,,
id000420,,Image;StillImage,image/jpeg,Sig.000420,Rex.000420,1835,,Enfermaría;Ferrol,,,,,,
id000421,,Image;StillImage,image/jpeg,Sig.000421,Rex.000421,1836,,regulamento;Bazán,,,,,,
id000422,,Image;StillImage,image/jpeg,Sig.000422,Rex.000422,1837,,vista aérea;Ferrol,,,,,,
id000423,,Image;StillImage,image/jpeg,Sig.000423,Rex.000423,1838,,Cociña;Ferrol,,,,,,
id000424,,Image;StillImage,image/jpeg,Sig.000424,Rex.000424,1839,,Enfermaría;Ferrol,,,,,,
id000425,,Image;StillImage,image/jpeg,Sig.000425,Rex.000425,1840,,regulamento;Bazán,,,,,,
id000426,,Image;StillImage,image/jpeg,Sig.000426,Rex.000426,1841,,vista aérea;Ferrol,,,,,,
id000427,,Image;StillImage,image/jpeg,Sig.000427,Rex.000427,1842,,Cociña;Ferrol,,,,,,
id000428,,Image;StillImage,image/jpeg,Sig.000428,Rex.000428,1843,,Enfermaría;Ferrol,,,,,,
id000429,,Image;StillImage,image/jpeg,Sig.000429,Rex.000429,1844,,regulamento;Bazán,,,,,,
id000430,,Image;StillImage,image/jpeg,Sig.000430,Rex.000430,1845,,vista aérea;Ferrol,,,,,,
id000431,,Image;StillImage,image/jpeg,Sig.000431,Rex.000431,1846,,Cociña;Ferrol,,,,,,
id000432,,Image;StillImage,image/jpeg,Sig.000432,Rex.000432,1847,,Enfermaría;Ferrol,,,,,,
id000433,,Image;StillImage,image/jpeg,Sig.000433,Rex.000433,1848,,regulamento;Bazán,,,,,,
id000434,,Image;StillImage,image/jpeg,Sig.000434,Rex.000434,1849,,vista aérea;Ferrol,,,,,,
id000435,,Image;StillImage,image/jpeg,Sig.000435,Rex.000435,1850,,Cociña;Ferrol,,,,,,
id000436,,Image;StillImage,image/jpeg,Sig.000436,Rex.000436,1851,,Enfermaría;Ferrol,,,,,,
id000437,,Image;StillImage,image/jpeg,Sig.000437,Rex.000437,1852,,regulamento;Bazán,,,,,,
id000438,,Image;StillImage,image/jpeg,Sig.000438,Rex.000438,1853,,vista aérea;Ferrol,,,,,,
id000439,,Image;StillImage,image/jpeg,Sig.000439,Rex.000439,1854,,Cociña;Ferrol,,,,,,
id000440,,Image;StillImage,image/jpeg,Sig.000440,Rex.000440,1855,,Enfermaría;Ferrol,,,,,,
id000441,,Image;StillImage,image/jpeg,Sig.000441,Rex.000441,1856,,regulamento;Bazán,,,,,,
id000442,,Image;StillImage,image/jpeg,Sig.000442,Rex.000442,1857,,vista aérea;Ferrol,,,,,,
id000443,,Image;StillImage,image/jpeg,Sig.000443,Rex.000443,1858,,Cociña;Ferrol,,,,,,
id000444,,Image;StillImage,image/jpeg,Sig.000444,Rex.000444,1859,,Enfermaría;Ferrol,,,,,,
id000445,,Image;StillImage,image/jpeg,Sig.000445,Rex.000445,1860,,regulamento;Bazán,,,,,,
id000446,,Image;StillImage,image/jpeg,Sig.000446,Rex.000446,1861,,vista aérea;Ferrol,,,,,,
id000447,,Image;StillImage,image/jpeg,Sig.000447,Rex.000447,1862,,Cociña;Ferrol,,,,,,
id000448,,Image;StillImage,image/jpeg,Sig.000448,Rex.000448,1863,,Enfermaría;Ferrol,,,,,,
id000449,,Image;StillImage,image/jpeg,Sig.000449,Rex.000449,1864,,regulamento;Bazán,,,,,,
id000450,,Image;StillImage,image/jpeg,Sig.000450,Rex.000450,1865,,vista aérea;Ferrol,,,,,,
id000451,,Image;StillImage,image/jpeg,Sig.000451,Rex.000451,1866,,Cociña;Ferrol,,,,,,
id000452,,Image;StillImage,image/jpeg,Sig.000452,Rex.000452,1867,,Enfermaría;Ferrol,,,,,,
id000453,,Image;StillImage,image/jpeg,Sig.000453,Rex.000453,1868,,regulamento;Bazán,,,,,,
id000454,,Image;StillImage,image/jpeg,Sig.000454,Rex.000454,1869,,vista aérea;Ferrol,,,,,,
id000455,,Image;StillImage,image/jpeg,Sig.000455,Rex.000455,1870,,Cociña;Ferrol,,,,,,
id000456,,Image;StillImage,image/jpeg,Sig.000456,Rex.000456,1871,,Enfermaría;Ferrol,,,,,,
id000457,,Image;StillImage,image/jpeg,Sig.000457,Rex.000457,1872,,regulamento;Bazán,,,,,,
id000458,,Image;StillImage,image/jpeg,Sig.000458,Rex.000458,1873,,vista aérea;Ferrol,,,,,,
id000459,,Image;StillImage,image/jpeg,Sig.000459,Rex.000459,1874,,Cociña;Ferrol,,,,,,
id000460,,Image;StillImage,image/jpeg,Sig.000460,Rex.000460,1875,,Enfermaría;Ferrol,,,,,,
id000461,,Image;StillImage,image/jpeg,Sig.000461,Rex.000461,1876,,regulamento;Bazán,,,,,,
id000462,,Image;StillImage,image/jpeg,Sig.000462,Rex.000462,1877,,vista aérea;Ferrol,,,,,,
id000463,,Image;StillImage,image/jpeg,Sig.000463,Rex.000463,1878,,Cociña;Ferrol,,,,,,
id000464,,Image;StillImage,image/jpeg,Sig.000464,Rex.000464,1879,,Enfermaría;Ferrol,,,,,,
id000465,,Image;StillImage,image/jpeg,Sig.000465,Rex.000465,1880,,regulamento;Bazán,,,,,,
id000466,,Image;StillImage,image/jpeg,Sig.000466,Rex.000466,1881,,vista aérea;Ferrol,,,,,,
id000467,,Image;StillImage,image/jpeg,Sig.000467,Rex.000467,1882,,Cociña;Ferrol,,,,,,
id000468,,Image;StillImage,image/jpeg,Sig.000468,Rex.000468,1883,,Enfermaría;Ferrol,,,,,,
id000469,,Image;StillImage,image/jpeg,Sig.000469,Rex.000469,1884,,regulamento;Bazán,,,,,,
id000470,,Image;StillImage,image/jpeg,Sig.000470,Rex.000470,1885,,vista aérea;Ferrol,,,,,,
id000471,,Image;StillImage,image/jpeg,Sig.000471,Rex.000471,1886,,Cociña;Ferrol,,,,,,
id000472,,Image;StillImage,image/jpeg,Sig.000472,Rex.000472,1887,,Enfermaría;Ferrol,,,,,,
id000473,,Image;StillImage,image/jpeg,Sig.000473,Rex.000473,1888,,regulamento;Bazán,,,,,,
id000474,,Image;StillImage,image/jpeg,Sig.000474,Rex.000474,1889,,vista aérea;Ferrol,,,,,,
id000475,,Image;StillImage,image/jpeg,Sig.000475,Rex.000475,1890,,Cociña;Ferrol,,,,,,
id000476,,Image;StillImage,image/jpeg,Sig.000476,Rex.000476,1891,,Enfermaría;Ferrol,,,,,,
id000477,,Image;StillImage,image/jpeg,Sig.000477,Rex.000477,1892,,regulamento;Bazán,,,,,,
id000478,,Image;StillImage,image/jpeg,Sig.000478,Rex.000478,1893,,vista aérea;Ferrol,,,,,,
id000479,,Image;StillImage,image/jpeg,Sig.000479,Rex.000479,1894,,Cociña;Ferrol,,,,,,
id000480,,Image;StillImage,image/jpeg,Sig.000480,Rex.000480,1895,,Enfermaría;Ferrol,,,,,,
id000481,,Image;StillImage,image/jpeg,Sig.000481,Rex.000481,1896,,regulamento;Bazán,,,,,,
id000482,,Image;StillImage,image/jpeg,Sig.000482,Rex.000482,1897,,vista aérea;Ferrol,,,,,,
id000483,,Image;StillImage,image/jpeg,Sig.000483,Rex.000483,1898,,Cociña;Ferrol,,,,,,
id000484,,Image;StillImage,image/jpeg,Sig.000484,Rex.000484,1899,,Enfermaría;Ferrol,,,,,,
id000485,,Image;StillImage,image/jpeg,Sig.000485,Rex.000485,1900,,regulamento;Bazán,,,,,,
id000486,,Image;StillImage,image/jpeg,Sig.000486,Rex.000486,1901,,vista aérea;Ferrol,,,,,,
id000487,,Image;StillImage,image/jpeg,Sig.000487,Rex.000487,1902,,Cociña;Ferrol,,,,,,
id000488,,Image;StillImage,image/jpeg,Sig.000488,Rex.000488,1903,,Enfermaría;Ferrol,,,,,,
id000489,,Image;StillImage,image/jpeg,Sig.000489,Rex.000489,1904,,regulamento;Bazán,,,,,,
id000490,,Image;StillImage,image/jpeg,Sig.000490,Rex.000490,1905,,vista aérea;Ferrol,,,,,,
id000491,,Image;StillImage,image/jpeg,Sig.000491,Rex.000491,1906,,Cociña;Ferrol,,,,,,
id000492,,Image;StillImage,image/jpeg,Sig.000492,Rex.000492,1907,,Enfermaría;Ferrol,,,,,,
id000493,,Image;StillImage,image/jpeg,Sig.000493,Rex.000493,1908,,regulamento;Bazán,,,,,,
id000494,,Image;StillImage,image/jpeg,Sig.000494,Rex.000494,1909,,vista aérea;Ferrol,,,,,,
id000495,,Image;StillImage,image/jpeg,Sig.000495,Rex.000495,1910,,Cociña;Ferrol,,,,,,
id000496,,Image;StillImage,image/jpeg,Sig.000496,Rex.000496,1911,,Enfermaría;Ferrol,,,,,,
id000497,,Image;StillImage,image/jpeg,Sig.000497,Rex.000497,1912,,regulamento;Bazán,,,,,,
id000498,,Image;StillImage,image/jpeg,Sig.000498,Rex.000498,1913,,vista aérea;Ferrol,,,,,,
id000499,,Image;StillImage,image/jpeg,Sig.000499,Rex.000499,1914,,Cociña;Ferrol,,,,,,
id000500,,Image;StillImage,image/jpeg,Sig.000500,Rex.000500,1915,,Enfermaría;Ferrol,,,,,,
id000501,,Image;StillImage,image/jpeg,Sig.000501,Rex.000501,1916,,regulamento;Bazán,,,,,,
id000502,,Image;StillImage,image/jpeg,Sig.000502,Rex.000502,1917,,vista aérea;Ferrol,,,,,,
id000503,,Image;StillImage,image/jpeg,Sig.000503,Rex.000503,1918,,Cociña;Ferrol,,,,,,
id000504,,Image;StillImage,image/jpeg,Sig.000504,Rex.000504,1919,,Enfermaría;Ferrol,,,,,,
id000505,,Image;StillImage,image/jpeg,Sig.000505,Rex.000505,1920,,regulamento;Bazán,,,,,,
id000506,,Image;StillImage,image/jpeg,Sig.000506,Rex.000506,1921,,vista aérea;Ferrol,,,,,,
id000507,,Image;StillImage,image/jpeg,Sig.000507,Rex.000507,1922,,Cociña;Ferrol,,,,,,
id000508,,Image;StillImage,image/jpeg,Sig.000508,Rex.000508,1923,,Enfermaría;Ferrol,,,,,,
id000509,,Image;StillImage,image/jpeg,Sig.000509,Rex.000509,1924,,regulamento;Bazán,,,,,,
id000510,,Image;StillImage,image/jpeg,Sig.000510,Rex.000510,1925,,vista aérea;Ferrol,,,,,,
id000511,,Image;StillImage,image/jpeg,Sig.000511,Rex.000511,1926,,Cociña;Ferrol,,,,,,
id000512,,Image;StillImage,image/jpeg,Sig.000512,Rex.000512,1927,,Enfermaría;Ferrol,,,,,,
id000513,,Image;StillImage,image/jpeg,Sig.000513,Rex.000513,1928,,regulamento;Bazán,,,,,,
id000514,,Image;StillImage,image/jpeg,Sig.000514,Rex.000514,1929,,vista aérea;Ferrol,,,,,,
id000515,,Image;StillImage,image/jpeg,Sig.000515,Rex.000515,1930,,Cociña;Ferrol,,,,,,
id000516,,Image;StillImage,image/jpeg,Sig.000516,Rex.000516,1931,,Enfermaría;Ferrol,,,,,,
id000517,,Image;StillImage,image/jpeg,Sig.000517,Rex.000517,1932,,regulamento;Bazán,,,,,,
id000518,,Image;StillImage,image/jpeg,Sig.000518,Rex.000518,1933,,vista aérea;Ferrol,,,,,,
id000519,,Image;StillImage,image/jpeg,Sig.000519,Rex.000519,1934,,Cociña;Ferrol,,,,,,
id000520,,Image;StillImage,image/jpeg,Sig.000520,Rex.000520,1935,,Enfermaría;Ferrol,,,,,,
id000521,,Image;StillImage,image/jpeg,Sig.000521,Rex.000521,1936,,regulamento;Bazán,,,,,,
id000522,,Image;StillImage,image/jpeg,Sig.000522,Rex.000522,1937,,vista aérea;Ferrol,,,,,,
id000523,,Image;StillImage,image/jpeg,Sig.000523,Rex.000523,1938,,Cociña;Ferrol,,,,,,
id000524,,Image;StillImage,image/jpeg,Sig.000524,Rex.000524,1939,,Enfermaría;Ferrol,,,,,,
id000525,,Image;StillImage,image/jpeg,Sig.000525,Rex.000525,1940,,regulamento;Bazán,,,,,,
id000526,,Image;StillImage,image/jpeg,Sig.000526,Rex.000526,1941,,vista aérea;Ferrol,,,,,,
id000527,,Image;StillImage,image/jpeg,Sig.000527,Rex.000527,1942,,Cociña;Ferrol,,,,,,
id000528,,Image;StillImage,image/jpeg,Sig.000528,Rex.000528,1943,,Enfermaría;Ferrol,,,,,,
id000529,,Image;StillImage,image/jpeg,Sig.000529,Rex.000529,1944,,regulamento;Bazán,,,,,,
id000530,,Image;StillImage,image/jpeg,Sig.000530,Rex.000530,1945,,vista aérea;Ferrol,,,,,,
id000531,,Image;StillImage,image/jpeg,Sig.000531,Rex.000531,1946,,Cociña;Ferrol,,,,,,
id000532,,Image;StillImage,image/jpeg,Sig.000532,Rex.000532,1947,,Enfermaría;Ferrol,,,,,,
id000533,,Image;StillImage,image/jpeg,Sig.000533,Rex.000533,1948,,regulamento;Bazán,,,,,,
id000534,,Image;StillImage,image/jpeg,Sig.000534,Rex.000534,1949,,vista aérea;Ferrol,,,,,,
id000535,,Image;StillImage,image/jpeg,Sig.000535,Rex.000535,1950,,Cociña;Ferrol,,,,,,
id000536,,Image;StillImage,image/jpeg,Sig.000536,Rex.000536,1951,,Enfermaría;Ferrol,,,,,,
id000537,,Image;StillImage,image/jpeg,Sig.000537,Rex.000537,1952,,regulamento;Bazán,,,,,,
id000538,,Image;StillImage,image/jpeg,Sig.000538,Rex.000538,1953,,vista aérea;Ferrol,,,,,,
id000539,,Image;StillImage,image/jpeg,Sig.000539,Rex.000539,1954,,Cociña;Ferrol,,,,,,
id000540,,Image;StillImage,image/jpeg,Sig.000540,Rex.000540,1955,,Enfermaría;Ferrol,,,,,,
id000541,,Image;StillImage,image/jpeg,Sig.000541,Rex.000541,1956,,regulamento;Bazán,,,,,,
id000542,,Image;StillImage,image/jpeg,Sig.000542,Rex.000542,1957,,vista aérea;Ferrol,,,,,,
id000543,,Image;StillImage,image/jpeg,Sig.000543,Rex.000543,1958,,Cociña;Ferrol,,,,,,
id000544,,Image;StillImage,image/jpeg,Sig.000544,Rex.000544,1959,,Enfermaría;Ferrol,,,,,,
id000545,,Image;StillImage,image/jpeg,Sig.000545,Rex.000545,1960,,regulamento;Bazán,,,,,,
id000546,,Image;StillImage,image/jpeg,Sig.000546,Rex.000546,1961,,vista aérea;Ferrol,,,,,,
id000547,,Image;StillImage,image/jpeg,Sig.000547,Rex.000547,1962,,Cociña;Ferrol,,,,,,
id000548,,Image;StillImage,image/jpeg,Sig.000548,Rex.000548,1963,,Enfermaría;Ferrol,,,,,,
id000549,,Image;StillImage,image/jpeg,Sig.000549,Rex.000549,1964,,regulamento;Bazán,,,,,,
id000550,,Image;StillImage,image/jpeg,Sig.000550,Rex.000550,1965,,vista aérea;Ferrol,,,,,,
id000551,,Image;StillImage,image/jpeg,Sig.000551,Rex.000551,1966,,Cociña;Ferrol,,,,,,
id000552,,Image;StillImage,image/jpeg,Sig.000552,Rex.000552,1967,,Enfermaría;Ferrol,,,,,,
id000553,,Image;StillImage,image/jpeg,Sig.000553,Rex.000553,1968,,regulamento;Bazán,,,,,,
id000554,,Image;StillImage,image/jpeg,Sig.000554,Rex.000554,1969,,vista aérea;Ferrol,,,,,,
id000555,,Image;StillImage,image/jpeg,Sig.000555,Rex.000555,1970,,Cociña;Ferrol,,,,,,
id000556,,Image;StillImage,image/jpeg,Sig.000556,Rex.000556,1971,,Enfermaría;Ferrol,,,,,,
id000557,,Image;StillImage,image/jpeg,Sig.000557,Rex.000557,1972,,regulamento;Bazán,,,,,,
id000558,,Image;StillImage,image/jpeg,Sig.000558,Rex.000558,1973,,vista aérea;Ferrol,,,,,,
id000559,,Image;StillImage,image/jpeg,Sig.000559,Rex.000559,1974,,Cociña;Ferrol,,,,,,
id000560,,Image;StillImage,image/jpeg,Sig.000560,Rex.000560,1975,,Enfermaría;Ferrol,,,,,,
id000561,,Image;StillImage,image/jpeg,Sig.000561,Rex.000561,1976,,regulamento;Bazán,,,,,,
id000562,,Image;StillImage,image/jpeg,Sig.000562,Rex.000562,1977,,vista aérea;Ferrol,,,,,,
id000563,,Image;StillImage,image/jpeg,Sig.000563,Rex.000563,1978,,Cociña;Ferrol,,,,,,
id000564,,Image;StillImage,image/jpeg,Sig.000564,Rex.000564,1979,,Enfermaría;Ferrol,,,,,,
id000565,,Image;StillImage,image/jpeg,Sig.000565,Rex.000565,1980,,regulamento;Bazán,,,,,,
id000566,,Image;StillImage,image/jpeg,Sig.000566,Rex.000566,1981,,vista aérea;Ferrol,,,,,,
id000567,,Image;StillImage,image/jpeg,Sig.000567,Rex.000567,1982,,Cociña;Ferrol,,,,,,
id000568,,Image;StillImage,image/jpeg,Sig.000568,Rex.000568,1983,,Enfermaría;Ferrol,,,,,,
id000569,,Image;StillImage,image/jpeg,Sig.000569,Rex.000569,1984,,regulamento;Bazán,,,,,,
id000570,,Image;StillImage,image/jpeg,Sig.000570,Rex.000570,1985,,vista aérea;Ferrol,,,,,,
id000571,,Image;StillImage,image/jpeg,Sig.000571,Rex.000571,1986,,Cociña;Ferrol,,,,,,
id000572,,Image;StillImage,image/jpeg,Sig.000572,Rex.000572,1987,,Enfermaría;Ferrol,,,,,,
id000573,,Image;StillImage,image/jpeg,Sig.000573,Rex.000573,1988,,regulamento;Bazán,,,,,,
id000574,,Image;StillImage,image/jpeg,Sig.000574,Rex.000574,1989,,vista aérea;Ferrol,,,,,,
id000575,,Image;StillImage,image/jpeg,Sig.000575,Rex.000575,1800,,Cociña;Ferrol,,,,,,
id000576,,Image;StillImage,image/jpeg,Sig.000576,Rex.000576,1801,,Enfermaría;Ferrol,,,,,,
id000577,,Image;StillImage,image/jpeg,Sig.000577,Rex.000577,1802,,regulamento;Bazán,,,,,,
id000578,,Image;StillImage,image/jpeg,Sig.000578,Rex.000578,1803,,vista aérea;Ferrol,,,,,,
id000579,,Image;StillImage,image/jpeg,Sig.000579,Rex.000579,1804,,Cociña;Ferrol,,,,,,
id000580,,Image;StillImage,image/jpeg,Sig.000580,Rex.000580,1805,,Enfermaría;Ferrol,,,,,,
id000581,,Image;StillImage,image/jpeg,Sig.000581,Rex.000581,1806,,regulamento;Bazán,,,,,,
id000582,,Image;StillImage,image/jpeg,Sig.000582,Rex.000582,1807,,vista aérea;Ferrol,,,,,,
id000583,,Image;StillImage,image/jpeg,Sig.000583,Rex.000583,1808,,Cociña;Ferrol,,,,,,
id000584,,Image;StillImage,image/jpeg,Sig.000584,Rex.000584,1809,,Enfermaría;Ferrol,,,,,,
id000585,,Image;StillImage,image/jpeg,Sig.000585,Rex.000585,1810,,regulamento;Bazán,,,,,,
id000586,,Image;StillImage,image/jpeg,Sig.000586,Rex.000586,1811,,vista aérea;Ferrol,,,,,,
id000587,,Image;StillImage,image/jpeg,Sig.000587,Rex.000587,1812,,Cociña;Ferrol,,,,,,
id000588,,Image;StillImage,image/jpeg,Sig.000588,Rex.000588,1813,,Enfermaría;Ferrol,,,,,,
id000589,,Image;StillImage,image/jpeg,Sig.000589,Rex.000589,1814,,regulamento;Bazán,,,,,,
id000590,,Image;StillImage,image/jpeg,Sig.000590,Rex.000590,1815,,vista aérea;Ferrol,,,,,,
id000591,,Image;StillImage,image/jpeg,Sig.000591,Rex.000591,1816,,Cociña;Ferrol,,,,,,
id000592,,Image;StillImage,image/jpeg,Sig.000592,Rex.000592,1817,,Enfermaría;Ferrol,,,,,,
id000593,,Image;StillImage,image/jpeg,Sig.000593,Rex.000593,1818,,regulamento;Bazán,,,,,,
id000594,,Image;StillImage,image/jpeg,Sig.000594,Rex.000594,1819,,vista aérea;Ferrol,,,,,,
id000595,,Image;StillImage,image/jpeg,Sig.000595,Rex.000595,1820,,Cociña;Ferrol,,,,,,
id000596,,Image;StillImage,image/jpeg,Sig.000596,Rex.000596,1821,,Enfermaría;Ferrol,,,,,,
id000597,,Image;StillImage,image/jpeg,Sig.000597,Rex.000597,1822,,regulamento;Bazán,,,,,,
id000598,,Image;StillImage,image/jpeg,Sig.000598,Rex.000598,1823,,vista aérea;Ferrol,,,,,,
id000599,,Image;StillImage,image/jpeg,Sig.000599,Rex.000599,1824,,Cociña;Ferrol,,,,,,
id000600,,Image;StillImage,image/jpeg,Sig.000600,Rex.000600,1825,,Enfermaría;Ferrol,,,,,,
id000601,,Image;StillImage,image/jpeg,Sig.000601,Rex.000601,1826,,regulamento;Bazán,,,,,,
id000602,,Image;StillImage,image/jpeg,Sig.000602,Rex.000602,1827,,vista aérea;Ferrol,,,,,,
id000603,,Image;StillImage,image/jpeg,Sig.000603,Rex.000603,1828,,Cociña;Ferrol,,,,,,
id000604,,Image;StillImage,image/jpeg,Sig.000604,Rex.000604,1829,,Enfermaría;Ferrol,,,,,,
id000605,,Image;StillImage,image/jpeg,Sig.000605,Rex.000605,1830,,regulamento;Bazán,,,,,,
id000606,,Image;StillImage,image/jpeg,Sig.000606,Rex.000606,1831,,vista aérea;Ferrol,,,,,,
id000607,,Image;StillImage,image/jpeg,Sig.000607,Rex.000607,1832,,Cociña;Ferrol,,,,,,
id000608,,Image;StillImage,image/jpeg,Sig.000608,Rex.000608,1833,,Enfermaría;Ferrol,,,,,,
id000609,,Image;StillImage,image/jpeg,Sig.000609,Rex.000609,1834,,regulamento;Bazán,,,,,,
id000610,,Image;StillImage,image/jpeg,Sig.000610,Rex.000610,1835,,vista aérea;Ferrol,,,,,,
id000611,,Image;StillImage,image/jpeg,Sig.000611,Rex.000611,1836,,Cociña;Ferrol,,,,,,
id000612,,Image;StillImage,image/jpeg,Sig.000612,Rex.000612,1837,,Enfermaría;Ferrol,,,,,,
id000613,,Image;StillImage,image/jpeg,Sig.000613,Rex.000613,1838,,regulamento;Bazán,,,,,,
id000614,,Image;StillImage,image/jpeg,Sig.000614,Rex.000614,1839,,vista aérea;Ferrol,,,,,,
id000615,,Image;StillImage,image/jpeg,Sig.000615,Rex.000615,1840,,Cociña;Ferrol,,,,,,
id000616,,Image;StillImage,image/jpeg,Sig.000616,Rex.000616,1841,,Enfermaría;Ferrol,,,,,,
id000617,,Image;StillImage,image/jpeg,Sig.000617,Rex.000617,1842,,regulamento;Bazán,,,,,,
id000618,,Image;StillImage,image/jpeg,Sig.000618,Rex.000618,1843,,vista aérea;Ferrol,,,,,,
id000619,,Image;StillImage,image/jpeg,Sig.000619,Rex.000619,1844,,Cociña;Ferrol,,,,,,
id000620,,Image;StillImage,image/jpeg,Sig.000620,Rex.000620,1845,,Enfermaría;Ferrol,,,,,,
id000621,,Image;StillImage,image/jpeg,Sig.000621,Rex.000621,1846,,regulamento;Bazán,,,,,,
id000622,,Image;StillImage,image/jpeg,Sig.000622,Rex.000622,1847,,vista aérea;Ferrol,,,,,,
id000623,,Image;StillImage,image/jpeg,Sig.000623,Rex.000623,1848,,Cociña;Ferrol,,,,,,
id000624,,Image;StillImage,image/jpeg,Sig.000624,Rex.000624,1849,,Enfermaría;Ferrol,,,,,,
id000625,,Image;StillImage,image/jpeg,Sig.000625,Rex.000625,1850,,regulamento;Bazán,,,,,,
id000626,,Image;StillImage,image/jpeg,Sig.000626,Rex.000626,1851,,vista aérea;Ferrol,,,,,,
id000627,,Image;StillImage,image/jpeg,Sig.000627,Rex.000627,1852,,Cociña;Ferrol,,,,,,
id000628,,Image;StillImage,image/jpeg,Sig.000628,Rex.000628,1853,,Enfermaría;Ferrol,,,,,,
id000629,,Image;StillImage,image/jpeg,Sig.000629,Rex.000629,1854,,regulamento;Bazán,,,,,,
id000630,,Image;StillImage,image/jpeg,Sig.000630,Rex.000630,1855,,vista aérea;Ferrol,,,,,,
id000631,,Image;StillImage,image/jpeg,Sig.000631,Rex.000631,1856,,Cociña;Ferrol,,,,,,
id000632,,Image;StillImage,image/jpeg,Sig.000632,Rex.000632,1857,,Enfermaría;Ferrol,,,,,,
id000633,,Image;StillImage,image/jpeg,Sig.000633,Rex.000633,1858,,regulamento;Bazán,,,,,,
id000634,,Image;StillImage,image/jpeg,Sig.000634,Rex.000634,1859,,vista aérea;Ferrol,,,,,,
id000635,,Image;StillImage,image/jpeg,Sig.000635,Rex.000635,1860,,Cociña;Ferrol,,,,,,
id000636,,Image;StillImage,image/jpeg,Sig.000636,Rex.000636,1861,,Enfermaría;Ferrol,,,,,,
id000637,,Image;StillImage,image/jpeg,Sig.000637,Rex.000637,1862,,regulamento;Bazán,,,,,,
id000638,,Image;StillImage,image/jpeg,Sig.000638,Rex.000638,1863,,vista aérea;Ferrol,,,,,,
id000639,,Image;StillImage,image/jpeg,Sig.000639,Rex.000639,1864,,Cociña;Ferrol,,,,,,
id000640,,Image;StillImage,image/jpeg,Sig.000640,Rex.000640,1865,,Enfermaría;Ferrol,,,,,,
id000641,,Image;StillImage,image/jpeg,Sig.000641,Rex.000641,1866,,regulamento;Bazán,,,,,,
id000642,,Image;StillImage,image/jpeg,Sig.000642,Rex.000642,1867,,vista aérea;Ferrol,,,,,,
id000643,,Image;StillImage,image/jpeg,Sig.000643,Rex.000643,1868,,Cociña;Ferrol,,,,,,
id000644,,Image;StillImage,image/jpeg,Sig.000644,Rex.000644,1869,,Enfermaría;Ferrol,,,,,,
id000645,,Image;StillImage,image/jpeg,Sig.000645,Rex.000645,1870,,regulamento;Bazán,,,,,,
id000646,,Image;StillImage,image/jpeg,Sig.000646,Rex.000646,1871,,vista aérea;Ferrol,,,,,,
id000647,,Image;StillImage,image/jpeg,Sig.000647,Rex.000647,1872,,Cociña;Ferrol,,,,,,
id000648,,Image;StillImage,image/jpeg,Sig.000648,Rex.000648,1873,,Enfermaría;Ferrol,,,,,,
id000649,,Image;StillImage,image/jpeg,Sig.000649,Rex.000649,1874,,regulamento;Bazán,,,,,,
id000650,,Image;StillImage,image/jpeg,Sig.000650,Rex.000650,1875,,vista aérea;Ferrol,,,,,,
id000651,,Image;StillImage,image/jpeg,Sig.000651,Rex.000651,1876,,Cociña;Ferrol,,,,,,
id000652,,Image;StillImage,image/jpeg,Sig.000652,Rex.000652,1877,,Enfermaría;Ferrol,,,,,,
id000653,,Image;StillImage,image/jpeg,Sig.000653,Rex.000653,1878,,regulamento;Bazán,,,,,,
id000654,,Image;StillImage,image/jpeg,Sig.000654,Rex.000654,1879,,vista aérea;Ferrol,,,,,,
id000655,,Image;StillImage,image/jpeg,Sig.000655,Rex.000655,1880,,Cociña;Ferrol,,,,,,
id000656,,Image;StillImage,image/jpeg,Sig.000656,Rex.000656,1881,,Enfermaría;Ferrol,,,,,,
id000657,,Image;StillImage,image/jpeg,Sig.000657,Rex.000657,1882,,regulamento;Bazán,,,,,,
id000658,,Image;StillImage,image/jpeg,Sig.000658,Rex.000658,1883,,vista aérea;Ferrol,,,,,,
id000659,,Image;StillImage,image/jpeg,Sig.000659,Rex.000659,1884,,Cociña;Ferrol,,,,,,
id000660,,Image;StillImage,image/jpeg,Sig.000660,Rex.000660,1885,,Enfermaría;Ferrol,,,,,,
id000661,,Image;StillImage,image/jpeg,Sig.000661,Rex.000661,1886,,regulamento;Bazán,,,,,,
id000662,,Image;StillImage,image/jpeg,Sig.000662,Rex.000662,1887,,vista aérea;Ferrol,,,,,,
id000663,,Image;StillImage,image/jpeg,Sig.000663,Rex.000663,1888,,Cociña;Ferrol,,,,,,
id000664,,Image;StillImage,image/jpeg,Sig.000664,Rex.000664,1889,,Enfermaría;Ferrol,,,,,,
id000665,,Image;StillImage,image/jpeg,Sig.000665,Rex.000665,1890,,regulamento;Bazán,,,,,,
id000666,,Image;StillImage,image/jpeg,Sig.000666,Rex.000666,1891,,vista aérea;Ferrol,,,,,,
id000667,,Image;StillImage,image/jpeg,Sig.000667,Rex.000667,1892,,Cociña;Ferrol,,,,,,
id000668,,Image;StillImage,image/jpeg,Sig.000668,Rex.000668,1893,,Enfermaría;Ferrol,,,,,,
id000669,,Image;StillImage,image/jpeg,Sig.000669,Rex.000669,1894,,regulamento;Bazán,,,,,,
id000670,,Image;StillImage,image/jpeg,Sig.000670,Rex.000670,1895,,vista aérea;Ferrol,,,,,,
id000671,,Image;StillImage,image/jpeg,Sig.000671,Rex.000671,1896,,Cociña;Ferrol,,,,,,
id000672,,Image;StillImage,image/jpeg,Sig.000672,Rex.000672,1897,,Enfermaría;Ferrol,,,,,,
id000673,,Image;StillImage,image/jpeg,Sig.000673,Rex.000673,1898,,regulamento;Bazán,,,,,,
id000674,,Image;StillImage,image/jpeg,Sig.000674,Rex.000674,1899,,vista aérea;Ferrol,,,,,,
id000675,,Image;StillImage,image/jpeg,Sig.000675,Rex.000675,1900,,Cociña;Ferrol,,,,,,
id000676,,Image;StillImage,image/jpeg,Sig.000676,Rex.000676,1901,,Enfermaría;Ferrol,,,,,,
id000677,,Image;StillImage,image/jpeg,Sig.000677,Rex.000677,1902,,regulamento;Bazán,,,,,,
id000678,,Image;StillImage,image/jpeg,Sig.000678,Rex.000678,1903,,vista aérea;Ferrol,,,,,,
id000679,,Image;StillImage,image/jpeg,Sig.000679,Rex.000679,1904,,Cociña;Ferrol,,,,,,
id000680,,Image;StillImage,image/jpeg,Sig.000680,Rex.000680,1905,,Enfermaría;Ferrol,,,,,,
id000681,,Image;StillImage,image/jpeg,Sig.000681,Rex.000681,1906,,regulamento;Bazán,,,,,,
id000682,,Image;StillImage,image/jpeg,Sig.000682,Rex.000682,1907,,vista aérea;Ferrol,,,,,,
id000683,,Image;StillImage,image/jpeg,Sig.000683,Rex.000683,1908,,Cociña;Ferrol,,,,,,
id000684,,Image;StillImage,image/jpeg,Sig.000684,Rex.000684,1909,,Enfermaría;Ferrol,,,,,,
id000685,,Image;StillImage,image/jpeg,Sig.000685,Rex.000685,1910,,regulamento;Bazán,,,,,,
id000686,,Image;StillImage,image/jpeg,Sig.000686,Rex.000686,1911,,vista aérea;Ferrol,,,,,,
id000687,,Image;StillImage,image/jpeg,Sig.000687,Rex.000687,1912,,Cociña;Ferrol,,,,,,
id000688,,Image;StillImage,image/jpeg,Sig.000688,Rex.000688,1913,,Enfermaría;Ferrol,,,,,,
id000689,,Image;StillImage,image/jpeg,Sig.000689,Rex.000689,1914,,regulamento;Bazán,,,,,,
id000690,,Image;StillImage,image/jpeg,Sig.000690,Rex.000690,1915,,vista aérea;Ferrol,,,,,,
id000691,,Image;StillImage,image/jpeg,Sig.000691,Rex.000691,1916,,Cociña;Ferrol,,,,,,
id000692,,Image;StillImage,image/jpeg,Sig.000692,Rex.000692,1917,,Enfermaría;Ferrol,,,,,,
id000693,,Image;StillImage,image/jpeg,Sig.000693,Rex.000693,1918,,regulamento;Bazán,,,,,,
id000694,,Image;StillImage,image/jpeg,Sig.000694,Rex.000694,1919,,vista aérea;Ferrol,,,,,,
id000695,,Image;StillImage,image/jpeg,Sig.000695,Rex.000695,1920,,Cociña;Ferrol,,,,,,
id000696,,Image;StillImage,image/jpeg,Sig.000696,Rex.000696,1921,,Enfermaría;Ferrol,,,,,,
id000697,,Image;StillImage,image/jpeg,Sig.000697,Rex.000697,1922,,regulamento;Bazán,,,,,,
id000698,,Image;StillImage,image/jpeg,Sig.000698,Rex.000698,1923,,vista aérea;Ferrol,,,,,,
id000699,,Image;StillImage,image/jpeg,Sig.000699,Rex.000699,1924,,Cociña;Ferrol,,,,,,
id000700,,Image;StillImage,image/jpeg,Sig.000700,Rex.000700,1925,,Enfermaría;Ferrol,,,,,,
id000701,,Image;StillImage,image/jpeg,Sig.000701,Rex.000701,1926,,regulamento;Bazán,,,,,,
id000702,,Image;StillImage,image/jpeg,Sig.000702,Rex.000702,1927,,vista aérea;Ferrol,,,,,,
id000703,,Image;StillImage,image/jpeg,Sig.000703,Rex.000703,1928,,Cociña;Ferrol,,,,,,
id000704,,Image;StillImage,image/jpeg,Sig.000704,Rex.000704,1929,,Enfermaría;Ferrol,,,,,,
id000705,,Image;StillImage,image/jpeg,Sig.000705,Rex.000705,1930,,regulamento;Bazán,,,,,,
id000706,,Image;StillImage,image/jpeg,Sig.000706,Rex.000706,1931,,vista aérea;Ferrol,,,,,,
id000707,,Image;StillImage,image/jpeg,Sig.000707,Rex.000707,1932,,Cociña;Ferrol,,,,,,
id000708,,Image;StillImage,image/jpeg,Sig.000708,Rex.000708,1933,,Enfermaría;Ferrol,,,,,,
id000709,,Image;StillImage,image/jpeg,Sig.000709,Rex.000709,1934,,regulamento;Bazán,,,,,,
id000710,,Image;StillImage,image/jpeg,Sig.000710,Rex.000710,1935,,vista aérea;Ferrol,,,,,,
id000711,,Image;StillImage,image/jpeg,Sig.000711,Rex.000711,1936,,Cociña;Ferrol,,,,,,
id000712,,Image;StillImage,image/jpeg,Sig.000712,Rex.000712,1937,,Enfermaría;Ferrol,,,,,,
id000713,,Image;StillImage,image/jpeg,Sig.000713,Rex.000713,1938,,regulamento;Bazán,,,,,,
id000714,,Image;StillImage,image/jpeg,Sig.000714,Rex.000714,1939,,vista aérea;Ferrol,,,,,,
id000715,,Image;StillImage,image/jpeg,Sig.000715,Rex.000715,1940,,Cociña;Ferrol,,,,,,
id000716,,Image;StillImage,image/jpeg,Sig.000716,Rex.000716,1941,,Enfermaría;Ferrol,,,,,,
id000717,,Image;StillImage,image/jpeg,Sig.000717,Rex.000717,1942,,regulamento;Bazán,,,,,,
id000718,,Image;StillImage,image/jpeg,Sig.000718,Rex.000718,1943,,vista aérea;Ferrol,,,,,,
id000719,,Image;StillImage,image/jpeg,Sig.000719,Rex.000719,1944,,Cociña;Ferrol,,,,,,
id000720,,Image;StillImage,image/jpeg,Sig.000720,Rex.000720,1945,,Enfermaría;Ferrol,,,,,,
id000721,,Image;StillImage,image/jpeg,Sig.000721,Rex.000721,1946,,regulamento;Bazán,,,,,,
id000722,,Image;StillImage,image/jpeg,Sig.000722,Rex.000722,1947,,vista aérea;Ferrol,,,,,,
id000723,,Image;StillImage,image/jpeg,Sig.000723,Rex.000723,1948,,Cociña;Ferrol,,,,,,
id000724,,Image;StillImage,image/jpeg,Sig.000724,Rex.000724,1949,,Enfermaría;Ferrol,,,,,,
id000725,,Image;StillImage,image/jpeg,Sig.000725,Rex.000725,1950,,regulamento;Bazán,,,,,,
id000726,,Image;StillImage,image/jpeg,Sig.000726,Rex.000726,1951,,vista aérea;Ferrol,,,,,,
id000727,,Image;StillImage,image/jpeg,Sig.000727,Rex.000727,1952,,Cociña;Ferrol,,,,,,
id000728,,Image;StillImage,image/jpeg,Sig.000728,Rex.000728,1953,,Enfermaría;Ferrol,,,,,,
id000729,,Image;StillImage,image/jpeg,Sig.000729,Rex.000729,1954,,regulamento;Bazán,,,,,,
id000730,,Image;StillImage,image/jpeg,Sig.000730,Rex.000730,1955,,vista aérea;Ferrol,,,,,,
id000731,,Image;StillImage,image/jpeg,Sig.000731,Rex.000731,1956,,Cociña;Ferrol,,,,,,
id000732,,Image;StillImage,image/jpeg,Sig.000732,Rex.000732,1957,,Enfermaría;Ferrol,,,,,,
id000733,,Image;StillImage,image/jpeg,Sig.000733,Rex.000733,1958,,regulamento;Bazán,,,,,,
id000734,,Image;StillImage,image/jpeg,Sig.000734,Rex.000734,1959,,vista aérea;Ferrol,,,,,,
id000735,,Image;StillImage,image/jpeg,Sig.000735,Rex.000735,1960,,Cociña;Ferrol,,,,,,
id000736,,Image;StillImage,image/jpeg,Sig.000736,Rex.000736,1961,,Enfermaría;Ferrol,,,,,,
id000737,,Image;StillImage,image/jpeg,Sig.000737,Rex.000737,1962,,regulamento;Bazán,,,,,,
id000738,,Image;StillImage,image/jpeg,Sig.000738,Rex.000738,1963,,vista aérea;Ferrol,,,,,,
id000739,,Image;StillImage,image/jpeg,Sig.000739,Rex.000739,1964,,Cociña;Ferrol,,,,,,
id000740,,Image;StillImage,image/jpeg,Sig.000740,Rex.000740,1965,,Enfermaría;Ferrol,,,,,,
id000741,,Image;StillImage,image/jpeg,Sig.000741,Rex.000741,1966,,regulamento;Bazán,,,,,,
id000742,,Image;StillImage,image/jpeg,Sig.000742,Rex.000742,1967,,vista aérea;Ferrol,,,,,,
id000743,,Image;StillImage,image/jpeg,Sig.000743,Rex.000743,1968,,Cociña;Ferrol,,,,,,
id000744,,Image;StillImage,image/jpeg,Sig.000744,Rex.000744,1969,,Enfermaría;Ferrol,,,,,,
id000745,,Image;StillImage,image/jpeg,Sig.000745,Rex.000745,1970,,regulamento;Bazán,,,,,,
id000746,,Image;StillImage,image/jpeg,Sig.000746,Rex.000746,1971,,vista aérea;Ferrol,,,,,,
id000747,,Image;StillImage,image/jpeg,Sig.000747,Rex.000747,1972,,Cociña;Ferrol,,,,,,
id000748,,Image;StillImage,image/jpeg,Sig.000748,Rex.000748,1973,,Enfermaría;Ferrol,,,,,,
id000749,,Image;StillImage,image/jpeg,Sig.000749,Rex.000749,1974,,regulamento;Bazán,,,,,,
id000750,,Image;StillImage,image/jpeg,Sig.000750,Rex.000750,1975,,vista aérea;Ferrol,,,,,,
id000751,,Image;StillImage,image/jpeg,Sig.000751,Rex.000751,1976,,Cociña;Ferrol,,,,,,
id000752,,Image;StillImage,image/jpeg,Sig.000752,Rex.000752,1977,,Enfermaría;Ferrol,,,,,,
id000753,,Image;StillImage,image/jpeg,Sig.000753,Rex.000753,1978,,regulamento;Bazán,,,,,,
id000754,,Image;StillImage,image/jpeg,Sig.000754,Rex.000754,1979,,vista aérea;Ferrol,,,,,,
id000755,,Image;StillImage,image/jpeg,Sig.000755,Rex.000755,1980,,Cociña;Ferrol,,,,,,
id000756,,Image;StillImage,image/jpeg,Sig.000756,Rex.000756,1981,,Enfermaría;Ferrol,,,,,,
id000757,,Image;StillImage,image/jpeg,Sig.000757,Rex.000757,1982,,regulamento;Bazán,,,,,,
id000758,,Image;StillImage,image/jpeg,Sig.000758,Rex.000758,1983,,vista aérea;Ferrol,,,,,,
id000759,,Image;StillImage,image/jpeg,Sig.000759,Rex.000759,1984,,Cociña;Ferrol,,,,,,
id000760,,Image;StillImage,image/jpeg,Sig.000760,Rex.000760,1985,,Enfermaría;Ferrol,,,,,,
id000761,,Image;StillImage,image/jpeg,Sig.000761,Rex.000761,1986,,regulamento;Bazán,,,,,,
id000762,,Image;StillImage,image/jpeg,Sig.000762,Rex.000762,1987,,vista aérea;Ferrol,,,,,,
id000763,,Image;StillImage,image/jpeg,Sig.000763,Rex.000763,1988,,Cociña;Ferrol,,,,,,
id000764,,Image;StillImage,image/jpeg,Sig.000764,Rex.000764,1989,,Enfermaría;Ferrol,,,,,,
id000765,,Image;StillImage,image/jpeg,Sig.000765,Rex.000765,1800,,regulamento;Bazán,,,,,,
id000766,,Image;StillImage,image/jpeg,Sig.000766,Rex.000766,1801,,vista aérea;Ferrol,,,,,,
id000767,,Image;StillImage,image/jpeg,Sig.000767,Rex.000767,1802,,Cociña;Ferrol,,,,,,
id000768,,Image;StillImage,image/jpeg,Sig.000768,Rex.000768,1803,,Enfermaría;Ferrol,,,,,,
id000769,,Image;StillImage,image/jpeg,Sig.000769,Rex.000769,1804,,regulamento;Bazán,,,,,,
id000770,,Image;StillImage,image/jpeg,Sig.000770,Rex.000770,1805,,vista aérea;Ferrol,,,,,,
id000771,,Image;StillImage,image/jpeg,Sig.000771,Rex.000771,1806,,Cociña;Ferrol,,,,,,
id000772,,Image;StillImage,image/jpeg,Sig.000772,Rex.000772,1807,,Enfermaría;Ferrol,,,,,,
id000773,,Image;StillImage,image/jpeg,Sig.000773,Rex.000773,1808,,regulamento;Bazán,,,,,,
id000774,,Image;StillImage,image/jpeg,Sig.000774,Rex.000774,1809,,vista aérea;Ferrol,,,,,,
id000775,,Image;StillImage,image/jpeg,Sig.000775,Rex.000775,1810,,Cociña;Ferrol,,,,,,
id000776,,Image;StillImage,image/jpeg,Sig.000776,Rex.000776,1811,,Enfermaría;Ferrol,,,,,,
id000777,,Image;StillImage,image/jpeg,Sig.000777,Rex.000777,1812,,regulamento;Bazán,,,,,,
id000778,,Image;StillImage,image/jpeg,Sig.000778,Rex.000778,1813,,vista aérea;Ferrol,,,,,,
id000779,,Image;StillImage,image/jpeg,Sig.000779,Rex.000779,1814,,Cociña;Ferrol,,,,,,
id000780,,Image;StillImage,image/jpeg,Sig.000780,Rex.000780,1815,,Enfermaría;Ferrol,,,,,,
id000781,,Image;StillImage,image/jpeg,Sig.000781,Rex.000781,1816,,regulamento;Bazán,,,,,,
id000782,,Image;StillImage,image/jpeg,Sig.000782,Rex.000782,1817,,vista aérea;Ferrol,,,,,,
id000783,,Image;StillImage,image/jpeg,Sig.000783,Rex.000783,1818,,Cociña;Ferrol,,,,,,
id000784,,Image;StillImage,image/jpeg,Sig.000784,Rex.000784,1819,,Enfermaría;Ferrol,,,,,,
id000785,,Image;StillImage,image/jpeg,Sig.000785,Rex.000785,1820,,regulamento;Bazán,,,,,,
id000786,,Image;StillImage,image/jpeg,Sig.000786,Rex.000786,1821,,vista aérea;Ferrol,,,,,,
id000787,,Image;StillImage,image/jpeg,Sig.000787,Rex.000787,1822,,Cociña;Ferrol,,,,,,
id000788,,Image;StillImage,image/jpeg,Sig.000788,Rex.000788,1823,,Enfermaría;Ferrol,,,,,,
id000789,,Image;StillImage,image/jpeg,Sig.000789,Rex.000789,1824,,regulamento;Bazán,,,,,,
id000790,,Image;StillImage,image/jpeg,Sig.000790,Rex.000790,1825,,vista aérea;Ferrol,,,,,,
id000791,,Image;StillImage,image/jpeg,Sig.000791,Rex.000791,1826,,Cociña;Ferrol,,,,,,
id000792,,Image;StillImage,image/jpeg,Sig.000792,Rex.000792,1827,,Enfermaría;Ferrol,,,,,,
id000793,,Image;StillImage,image/jpeg,Sig.000793,Rex.000793,1828,,regulamento;Bazán,,,,,,
id000794,,Image;StillImage,image/jpeg,Sig.000794,Rex.000794,1829,,vista aérea;Ferrol,,,,,,
id000795,,Image;StillImage,image/jpeg,Sig.000795,Rex.000795,1830,,Cociña;Ferrol,,,,,,
id000796,,Image;StillImage,image/jpeg,Sig.000796,Rex.000796,1831,,Enfermaría;Ferrol,,,,,,
id000797,,Image;StillImage,image/jpeg,Sig.000797,Rex.000797,1832,,regulamento;Bazán,,,,,,
id000798,,Image;StillImage,image/jpeg,Sig.000798,Rex.000798,1833,,vista aérea;Ferrol,,,,,,
id000799,,Image;StillImage,image/jpeg,Sig.000799,Rex.000799,1834,,Cociña;Ferrol,,,,,,
id000800,,Image;StillImage,image/jpeg,Sig.000800,Rex.000800,1835,,Enfermaría;Ferrol,,,,,,
id000801,,Image;StillImage,image/jpeg,Sig.000801,Rex.000801,1836,,regulamento;Bazán,,,,,,
id000802,,Image;StillImage,image/jpeg,Sig.000802,Rex.000802,1837,,vista aérea;Ferrol,,,,,,
id000803,,Image;StillImage,image/jpeg,Sig.000803,Rex.000803,1838,,Cociña;Ferrol,,,,,,
id000804,,Image;StillImage,image/jpeg,Sig.000804,Rex.000804,1839,,Enfermaría;Ferrol,,,,,,
id000805,,Image;StillImage,image/jpeg,Sig.000805,Rex.000805,1840,,regulamento;Bazán,,,,,,
id000806,,Image;StillImage,image/jpeg,Sig.000806,Rex.000806,1841,,vista aérea;Ferrol,,,,,,
id000807,,Image;StillImage,image/jpeg,Sig.000807,Rex.000807,1842,,Cociña;Ferrol,,,,,,
id000808,,Image;StillImage,image/jpeg,Sig.000808,Rex.000808,1843,,Enfermaría;Ferrol,,,,,,
id000809,,Image;StillImage,image/jpeg,Sig.000809,Rex.000809,1844,,regulamento;Bazán,,,,,,
id000810,,Image;StillImage,image/jpeg,Sig.000810,Rex.000810,1845,,vista aérea;Ferrol,,,,,,
id000811,,Image;StillImage,image/jpeg,Sig.000811,Rex.000811,1846,,Cociña;Ferrol,,,,,,
id000812,,Image;StillImage,image/jpeg,Sig.000812,Rex.000812,1847,,Enfermaría;Ferrol,,,,,,
id000813,,Image;StillImage,image/jpeg,Sig.000813,Rex.000813,1848,,regulamento;Bazán,,,,,,
id000814,,Image;StillImage,image/jpeg,Sig.000814,Rex.000814,1849,,vista aérea;Ferrol,,,,,,
id000815,,Image;StillImage,image/jpeg,Sig.000815,Rex.000815,1850,,Cociña;Ferrol,,,,,,
id000816,,Image;StillImage,image/jpeg,Sig.000816,Rex.000816,1851,,Enfermaría;Ferrol,,,,,,
id000817,,Image;StillImage,image/jpeg,Sig.000817,Rex.000817,1852,,regulamento;Bazán,,,,,,
id000818,,Image;StillImage,image/jpeg,Sig.000818,Rex.000818,1853,,vista aérea;Ferrol,,,,,,
id000819,,Image;StillImage,image/jpeg,Sig.000819,Rex.000819,1854,,Cociña;Ferrol,,,,,,
id000820,,Image;StillImage,image/jpeg,Sig.000820,Rex.000820,1855,,Enfermaría;Ferrol,,,,,,
id000821,,Image;StillImage,image/jpeg,Sig.000821,Rex.000821,1856,,regulamento;Bazán,,,,,,
id000822,,Image;StillImage,image/jpeg,Sig.000822,Rex.000822,1857,,vista aérea;Ferrol,,,,,,
id000823,,Image;StillImage,image/jpeg,Sig.000823,Rex.000823,1858,,Cociña;Ferrol,,,,,,
id000824,,Image;StillImage,image/jpeg,Sig.000824,Rex.000824,1859,,Enfermaría;Ferrol,,,,,,
id000825,,Image;StillImage,image/jpeg,Sig.000825,Rex.000825,1860,,regulamento;Bazán,,,,,,
id000826,,Image;StillImage,image/jpeg,Sig.000826,Rex.000826,1861,,vista aérea;Ferrol,,,,,,
id000827,,Image;StillImage,image/jpeg,Sig.000827,Rex.000827,1862,,Cociña;Ferrol,,,,,,
id000828,,Image;StillImage,image/jpeg,Sig.000828,Rex.000828,1863,,Enfermaría;Ferrol,,,,,,
id000829,,Image;StillImage,image/jpeg,Sig.000829,Rex.000829,1864,,regulamento;Bazán,,,,,,
id000830,,Image;StillImage,image/jpeg,Sig.000830,Rex.000830,1865,,vista aérea;Ferrol,,,,,,
id000831,,Image;StillImage,image/jpeg,Sig.000831,Rex.000831,1866,,Cociña;Ferrol,,,,,,
id000832,,Image;StillImage,image/jpeg,Sig.000832,Rex.000832,1867,,Enfermaría;Ferrol,,,,,,
id000833,,Image;StillImage,image/jpeg,Sig.000833,Rex.000833,1868,,regulamento;Bazán,,,,,,
id000834,,Image;StillImage,image/jpeg,Sig.000834,Rex.000834,1869,,vista aérea;Ferrol,,,,,,
id000835,,Image;StillImage,image/jpeg,Sig.000835,Rex.000835,1870,,Cociña;Ferrol,,,,,,
id000836,,Image;StillImage,image/jpeg,Sig.000836,Rex.000836,1871,,Enfermaría;Ferrol,,,,,,
id000837,,Image;StillImage,image/jpeg,Sig.000837,Rex.000837,1872,,regulamento;Bazán,,,,,,
id000838,,Image;StillImage,image/jpeg,Sig.000838,Rex.000838,1873,,vista aérea;Ferrol,,,,,,
id000839,,Image;StillImage,image/jpeg,Sig.000839,Rex.000839,1874,,Cociña;Ferrol,,,,,,
id000840,,Image;StillImage,image/jpeg,Sig.000840,Rex.000840,1875,,Enfermaría;Ferrol,,,,,,
id000841,,Image;StillImage,image/jpeg,Sig.000841,Rex.000841,1876,,regulamento;Bazán,,,,,,
id000842,,Image;StillImage,image/jpeg,Sig.000842,Rex.000842,1877,,vista aérea;Ferrol,,,,,,
id000843,,Image;StillImage,image/jpeg,Sig.000843,Rex.000843,1878,,Cociña;Ferrol,,,,,,
id000844,,Image;StillImage,image/jpeg,Sig.000844,Rex.000844,1879,,Enfermaría;Ferrol,,,,,,
id000845,,Image;StillImage,image/jpeg,Sig.000845,Rex.000845,1880,,regulamento;Bazán,,,,,,
id000846,,Image;StillImage,image/jpeg,Sig.000846,Rex.000846,1881,,vista aérea;Ferrol,,,,,,
id000847,,Image;StillImage,image/jpeg,Sig.000847,Rex.000847,1882,,Cociña;Ferrol,,,,,,
id000848,,Image;StillImage,image/jpeg,Sig.000848,Rex.000848,1883,,Enfermaría;Ferrol,,,,,,
id000849,,Image;StillImage,image/jpeg,Sig.000849,Rex.000849,1884,,regulamento;Bazán,,,,,,
id000850,,Image;StillImage,image/jpeg,Sig.000850,Rex.000850,1885,,vista aérea;Ferrol,,,,,,
id000851,,Image;StillImage,image/jpeg,Sig.000851,Rex.000851,1886,,Cociña;Ferrol,,,,,,
id000852,,Image;StillImage,image/jpeg,Sig.000852,Rex.000852,1887,,Enfermaría;Ferrol,,,,,,
id000853,,Image;StillImage,image/jpeg,Sig.000853,Rex.000853,1888,,regulamento;Bazán,,,,,,
id000854,,Image;StillImage,image/jpeg,Sig.000854,Rex.000854,1889,,vista aérea;Ferrol,,,,,,
id000855,,Image;StillImage,image/jpeg,Sig.000855,Rex.000855,1890,,Cociña;Ferrol,,,,,,
id000856,,Image;StillImage,image/jpeg,Sig.000856,Rex.000856,1891,,Enfermaría;Ferrol,,,,,,
id000857,,Image;StillImage,image/jpeg,Sig.000857,Rex.000857,1892,,regulamento;Bazán,,,,,,
id000858,,Image;StillImage,image/jpeg,Sig.000858,Rex.000858,1893,,vista aérea;Ferrol,,,,,,
id000859,,Image;StillImage,image/jpeg,Sig.000859,Rex.000859,1894,,Cociña;Ferrol,,,,,,
id000860,,Image;StillImage,image/jpeg,Sig.000860,Rex.000860,1895,,Enfermaría;Ferrol,,,,,,
id000861,,Image;StillImage,image/jpeg,Sig.000861,Rex.000861,1896,,regulamento;Bazán,,,,,,
id000862,,Image;StillImage,image/jpeg,Sig.000862,Rex.000862,1897,,vista aérea;Ferrol,,,,,,
id000863,,Image;StillImage,image/jpeg,Sig.000863,Rex.000863,1898,,Cociña;Ferrol,,,,,,
id000864,,Image;StillImage,image/jpeg,Sig.000864,Rex.000864,1899,,Enfermaría;Ferrol,,,,,,
id000865,,Image;StillImage,image/jpeg,Sig.000865,Rex.000865,1900,,regulamento;Bazán,,,,,,
id000866,,Image;StillImage,image/jpeg,Sig.000866,Rex.000866,1901,,vista aérea;Ferrol,,,,,,
id000867,,Image;StillImage,image/jpeg,Sig.000867,Rex.000867,1902,,Cociña;Ferrol,,,,,,
id000868,,Image;StillImage,image/jpeg,Sig.000868,Rex.000868,1903,,Enfermaría;Ferrol,,,,,,
id000869,,Image;StillImage,image/jpeg,Sig.000869,Rex.000869,1904,,regulamento;Bazán,,,,,,
id000870,,Image;StillImage,image/jpeg,Sig.000870,Rex.000870,1905,,vista aérea;Ferrol,,,,,,
id000871,,Image;StillImage,image/jpeg,Sig.000871,Rex.000871,1906,,Cociña;Ferrol,,,,,,
id000872,,Image;StillImage,image/jpeg,Sig.000872,Rex.000872,1907,,Enfermaría;Ferrol,,,,,,
id000873,,Image;StillImage,image/jpeg,Sig.000873,Rex.000873,1908,,regulamento;Bazán,,,,,,
id000874,,Image;StillImage,image/jpeg,Sig.000874,Rex.000874,1909,,vista aérea;Ferrol,,,,,,
id000875,,Image;StillImage,image/jpeg,Sig.000875,Rex.000875,1910,,Cociña;Ferrol,,,,,,
id000876,,Image;StillImage,image/jpeg,Sig.000876,Rex.000876,1911,,Enfermaría;Ferrol,,,,,,
id000877,,Image;StillImage,image/jpeg,Sig.000877,Rex.000877,1912,,regulamento;Bazán,,,,,,
id000878,,Image;StillImage,image/jpeg,Sig.000878,Rex.000878,1913,,vista aérea;Ferrol,,,,,,
id000879,,Image;StillImage,image/jpeg,Sig.000879,Rex.000879,1914,,Cociña;Ferrol,,,,,,
id000880,,Image;StillImage,image/jpeg,Sig.000880,Rex.000880,1915,,Enfermaría;Ferrol,,,,,,
id000881,,Image;StillImage,image/jpeg,Sig.000881,Rex.000881,1916,,regulamento;Bazán,,,,,,
id000882,,Image;StillImage,image/jpeg,Sig.000882,Rex.000882,1917,,vista aérea;Ferrol,,,,,,
id000883,,Image;StillImage,image/jpeg,Sig.000883,Rex.000883,1918,,Cociña;Ferrol,,,,,,
id000884,,Image;StillImage,image/jpeg,Sig.000884,Rex.000884,1919,,Enfermaría;Ferrol,,,,,,
id000885,,Image;StillImage,image/jpeg,Sig.000885,Rex.000885,1920,,regulamento;Bazán,,,,,,
id000886,,Image;StillImage,image/jpeg,Sig.000886,Rex.000886,1921,,vista aérea;Ferrol,,,,,,
id000887,,Image;StillImage,image/jpeg,Sig.000887,Rex.000887,1922,,Cociña;Ferrol,,,,,,
id000888,,Image;StillImage,image/jpeg,Sig.000888,Rex.000888,1923,,Enfermaría;Ferrol,,,,,,
id000889,,Image;StillImage,image/jpeg,Sig.000889,Rex.000889,1924,,regulamento;Bazán,,,,,,
id000890,,Image;StillImage,image/jpeg,Sig.000890,Rex.000890,1925,,vista aérea;Ferrol,,,,,,
id000891,,Image;StillImage,image/jpeg,Sig.000891,Rex.000891,1926,,Cociña;Ferrol,,,,,,
id000892,,Image;StillImage,image/jpeg,Sig.000892,Rex.000892,1927,,Enfermaría;Ferrol,,,,,,
id000893,,Image;StillImage,image/jpeg,Sig.000893,Rex.000893,1928,,regulamento;Bazán,,,,,,
id000894,,Image;StillImage,image/jpeg,Sig.000894,Rex.000894,1929,,vista aérea;Ferrol,,,,,,
id000895,,Image;StillImage,image/jpeg,Sig.000895,Rex.000895,1930,,Cociña;Ferrol,,,,,,
id000896,,Image;StillImage,image/jpeg,Sig.000896,Rex.000896,1931,,Enfermaría;Ferrol,,,,,,
id000897,,Image;StillImage,image/jpeg,Sig.000897,Rex.000897,1932,,regulamento;Bazán,,,,,,
id000898,,Image;StillImage,image/jpeg,Sig.000898,Rex.000898,1933,,vista aérea;Ferrol,,,,,,
id000899,,Image;StillImage,image/jpeg,Sig.000899,Rex.000899,1934,,Cociña;Ferrol,,,,,,
id000900,,Image;StillImage,image/jpeg,Sig.000900,Rex.000900,1935,,Enfermaría;Ferrol,,,,,,
id000901,,Image;StillImage,image/jpeg,Sig.000901,Rex.000901,1936,,regulamento;Bazán,,,,,,
id000902,,Image;StillImage,image/jpeg,Sig.000902,Rex.000902,1937,,vista aérea;Ferrol,,,,,,
id000903,,Image;StillImage,image/jpeg,Sig.000903,Rex.000903,1938,,Cociña;Ferrol,,,,,,
id000904,,Image;StillImage,image/jpeg,Sig.000904,Rex.000904,1939,,Enfermaría;Ferrol,,,,,,
id000905,,Image;StillImage,image/jpeg,Sig.000905,Rex.000905,1940,,regulamento;Bazán,,,,,,
id000906,,Image;StillImage,image/jpeg,Sig.000906,Rex.000906,1941,,vista aérea;Ferrol,,,,,,
id000907,,Image;StillImage,image/jpeg,Sig.000907,Rex.000907,1942,,Cociña;Ferrol,,,,,,
id000908,,Image;StillImage,image/jpeg,Sig.000908,Rex.000908,1943,,Enfermaría;Ferrol,,,,,,
id000909,,Image;StillImage,image/jpeg,Sig.000909,Rex.000909,1944,,regulamento;Bazán,,,,,,
id000910,,Image;StillImage,image/jpeg,Sig.000910,Rex.000910,1945,,vista aérea;Ferrol,,,,,,
id000911,,Image;StillImage,image/jpeg,Sig.000911,Rex.000911,1946,,Cociña;Ferrol,,,,,,
id000912,,Image;StillImage,image/jpeg,Sig.000912,Rex.000912,1947,,Enfermaría;Ferrol,,,,,,
id000913,,Image;StillImage,image/jpeg,Sig.000913,Rex.000913,1948,,regulamento;Bazán,,,,,,
id000914,,Image;StillImage,image/jpeg,Sig.000914,Rex.000914,1949,,vista aérea;Ferrol,,,,,,
id000915,,Image;StillImage,image/jpeg,Sig.000915,Rex.000915,1950,,Cociña;Ferrol,,,,,,
id000916,,Image;StillImage,image/jpeg,Sig.000916,Rex.000916,1951,,Enfermaría;Ferrol,,,,,,
id000917,,Image;StillImage,image/jpeg,Sig.000917,Rex.000917,1952,,regulamento;Bazán,,,,,,
id000918,,Image;StillImage,image/jpeg,Sig.000918,Rex.000918,1953,,vista aérea;Ferrol,,,,,,
id000919,,Image;StillImage,image/jpeg,Sig.000919,Rex.000919,1954,,Cociña;Ferrol,,,,,,
id000920,,Image;StillImage,image/jpeg,Sig.000920,Rex.000920,1955,,Enfermaría;Ferrol,,,,,,
id000921,,Image;StillImage,image/jpeg,Sig.000921,Rex.000921,1956,,regulamento;Bazán,,,,,,
id000922,,Image;StillImage,image/jpeg,Sig.000922,Rex.000922,1957,,vista aérea;Ferrol,,,,,,
id000923,,Image;StillImage,image/jpeg,Sig.000923,Rex.000923,1958,,Cociña;Ferrol,,,,,,
id000924,,Image;StillImage,image/jpeg,Sig.000924,Rex.000924,1959,,Enfermaría;Ferrol,,,,,,
id000925,,Image;StillImage,image/jpeg,Sig.000925,Rex.000925,1960,,regulamento;Bazán,,,,,,
id000926,,Image;StillImage,image/jpeg,Sig.000926,Rex.000926,1961,,vista aérea;Ferrol,,,,,,
id000927,,Image;StillImage,image/jpeg,Sig.000927,Rex.000927,1962,,Cociña;Ferrol,,,,,,
id000928,,Image;StillImage,image/jpeg,Sig.000928,Rex.000928,1963,,Enfermaría;Ferrol,,,,,,
id000929,,Image;StillImage,image/jpeg,Sig.000929,Rex.000929,1964,,regulamento;Bazán,,,,,,
id000930,,Image;StillImage,image/jpeg,Sig.000930,Rex.000930,1965,,vista aérea;Ferrol,,,,,,
id000931,,Image;StillImage,image/jpeg,Sig.000931,Rex.000931,1966,,Cociña;Ferrol,,,,,,
id000932,,Image;StillImage,image/jpeg,Sig.000932,Rex.000932,1967,,Enfermaría;Ferrol,,,,,,
id000933,,Image;StillImage,image/jpeg,Sig.000933,Rex.000933,1968,,regulamento;Bazán,,,,,,
id000934,,Image;StillImage,image/jpeg,Sig.000934,Rex.000934,1969,,vista aérea;Ferrol,,,,,,
id000935,,Image;StillImage,image/jpeg,Sig.000935,Rex.000935,1970,,Cociña;Ferrol,,,,,,
id000936,,Image;StillImage,image/jpeg,Sig.000936,Rex.000936,1971,,Enfermaría;Ferrol,,,,,,
id000937,,Image;StillImage,image/jpeg,Sig.000937,Rex.000937,1972,,regulamento;Bazán,,,,,,
id000938,,Image;StillImage,image/jpeg,Sig.000938,Rex.000938,1973,,vista aérea;Ferrol,,,,,,
id000939,,Image;StillImage,image/jpeg,Sig.000939,Rex.000939,1974,,Cociña;Ferrol,,,,,,
id000940,,Image;StillImage,image/jpeg,Sig.000940,Rex.000940,1975,,Enfermaría;Ferrol,,,,,,
id000941,,Image;StillImage,image/jpeg,Sig.000941,Rex.000941,1976,,regulamento;Bazán,,,,,,
id000942,,Image;StillImage,image/jpeg,Sig.000942,Rex.000942,1977,,vista aérea;Ferrol,,,,,,
id000943,,Image;StillImage,image/jpeg,Sig.000943,Rex.000943,1978,,Cociña;Ferrol,,,,,,
id000944,,Image;StillImage,image/jpeg,Sig.000944,Rex.000944,1979,,Enfermaría;Ferrol,,,,,,
id000945,,Image;StillImage,image/jpeg,Sig.000945,Rex.000945,1980,,regulamento;Bazán,,,,,,
id000946,,Image;StillImage,image/jpeg,Sig.000946,Rex.000946,1981,,vista aérea;Ferrol,,,,,,
id000947,,Image;StillImage,image/jpeg,Sig.000947,Rex.000947,1982,,Cociña;Ferrol,,,,,,
id000948,,Image;StillImage,image/jpeg,Sig.000948,Rex.000948,1983,,Enfermaría;Ferrol,,,,,,
id000949,,Image;StillImage,image/jpeg,Sig.000949,Rex.000949,1984,,regulamento;Bazán,,,,,,
id000950,,Image;StillImage,image/jpeg,Sig.000950,Rex.000950,1985,,vista aérea;Ferrol,,,,,,
id000951,,Image;StillImage,image/jpeg,Sig.000951,Rex.000951,1986,,Cociña;Ferrol,,,,,,
id000952,,Image;StillImage,image/jpeg,Sig.000952,Rex.000952,1987,,Enfermaría;Ferrol,,,,,,
id000953,,Image;StillImage,image/jpeg,Sig.000953,Rex.000953,1988,,regulamento;Bazán,,,,,,
id000954,,Image;StillImage,image/jpeg,Sig.000954,Rex.000954,1989,,vista aérea;Ferrol,,,,,,
id000955,,Image;StillImage,image/jpeg,Sig.000955,Rex.000955,1800,,Cociña;Ferrol,,,,,,
id000956,,Image;StillImage,image/jpeg,Sig.000956,Rex.000956,1801,,Enfermaría;Ferrol,,,,,,
id000957,,Image;StillImage,image/jpeg,Sig.000957,Rex.000957,1802,,regulamento;Bazán,,,,,,
id000958,,Image;StillImage,image/jpeg,Sig.000958,Rex.000958,1803,,vista aérea;Ferrol,,,,,,
id000959,,Image;StillImage,image/jpeg,Sig.000959,Rex.000959,1804,,Cociña;Ferrol,,,,,,
id000960,,Image;StillImage,image/jpeg,Sig.000960,Rex.000960,1805,,Enfermaría;Ferrol,,,,,,
id000961,,Image;StillImage,image/jpeg,Sig.000961,Rex.000961,1806,,regulamento;Bazán,,,,,,
id000962,,Image;StillImage,image/jpeg,Sig.000962,Rex.000962,1807,,vista aérea;Ferrol,,,,,,
id000963,,Image;StillImage,image/jpeg,Sig.000963,Rex.000963,1808,,Cociña;Ferrol,,,,,,
id000964,,Image;StillImage,image/jpeg,Sig.000964,Rex.000964,1809,,Enfermaría;Ferrol,,,,,,
id000965,,Image;StillImage,image/jpeg,Sig.000965,Rex.000965,1810,,regulamento;Bazán,,,,,,
id000966,,Image;StillImage,image/jpeg,Sig.000966,Rex.000966,1811,,vista aérea;Ferrol,,,,,,
id000967,,Image;StillImage,image/jpeg,Sig.000967,Rex.000967,1812,,Cociña;Ferrol,,,,,,
id000968,,Image;StillImage,image/jpeg,Sig.000968,Rex.000968,1813,,Enfermaría;Ferrol,,,,,,
id000969,,Image;StillImage,image/jpeg,Sig.000969,Rex.000969,1814,,regulamento;Bazán,,,,,,
id000970,,Image;StillImage,image/jpeg,Sig.000970,Rex.000970,1815,,vista aérea;Ferrol,,,,,,
id000971,,Image;StillImage,image/jpeg,Sig.000971,Rex.000971,1816,,Cociña;Ferrol,,,,,,
id000972,,Image;StillImage,image/jpeg,Sig.000972,Rex.000972,1817,,Enfermaría;Ferrol,,,,,,
id000973,,Image;StillImage,image/jpeg,Sig.000973,Rex.000973,1818,,regulamento;Bazán,,,,,,
id000974,,Image;StillImage,image/jpeg,Sig.000974,Rex.000974,1819,,vista aérea;Ferrol,,,,,,
id000975,,Image;StillImage,image/jpeg,Sig.000975,Rex.000975,1820,,Cociña;Ferrol,,,,,,
id000976,,Image;StillImage,image/jpeg,Sig.000976,Rex.000976,1821,,Enfermaría;Ferrol,,,,,,
id000977,,Image;StillImage,image/jpeg,Sig.000977,Rex.000977,1822,,regulamento;Bazán,,,,,,
id000978,,Image;StillImage,image/jpeg,Sig.000978,Rex.000978,1823,,vista aérea;Ferrol,,,,,,
id000979,,Image;StillImage,image/jpeg,Sig.000979,Rex.000979,1824,,Cociña;Ferrol,,,,,,
id000980,,Image;StillImage,image/jpeg,Sig.000980,Rex.000980,1825,,Enfermaría;Ferrol,,,,,,
id000981,,Image;StillImage,image/jpeg,Sig.000981,Rex.000981,1826,,regulamento;Bazán,,,,,,
id000982,,Image;StillImage,image/jpeg,Sig.000982,Rex.000982,1827,,vista aérea;Ferrol,,,,,,
id000983,,Image;StillImage,image/jpeg,Sig.000983,Rex.000983,1828,,Cociña;Ferrol,,,,,,
id000984,,Image;StillImage,image/jpeg,Sig.000984,Rex.000984,1829,,Enfermaría;Ferrol,,,,,,
id000985,,Image;StillImage,image/jpeg,Sig.000985,Rex.000985,1830,,regulamento;Bazán,,,,,,
id000986,,Image;StillImage,image/jpeg,Sig.000986,Rex.000986,1831,,vista aérea;Ferrol,,,,,,
id000987,,Image;StillImage,image/jpeg,Sig.000987,Rex.000987,1832,,Cociña;Ferrol,,,,,,
id000988,,Image;StillImage,image/jpeg,Sig.000988,Rex.000988,1833,,Enfermaría;Ferrol,,,,,,
id000989,,Image;StillImage,image/jpeg,Sig.000989,Rex.000989,1834,,regulamento;Bazán,,,,,,
id000990,,Image;StillImage,image/jpeg,Sig.000990,Rex.000990,1835,,vista aérea;Ferrol,,,,,,
id000991,,Image;StillImage,image/jpeg,Sig.000991,Rex.000991,1836,,Cociña;Ferrol,,,,,,
id000992,,Image;StillImage,image/jpeg,Sig.000992,Rex.000992,1837,,Enfermaría;Ferrol,,,,,,
id000993,,Image;StillImage,image/jpeg,Sig.000993,Rex.000993,1838,,regulamento;Bazán,,,,,,
id000994,,Image;StillImage,image/jpeg,Sig.000994,Rex.000994,1839,,vista aérea;Ferrol,,,,,,
id000995,,Image;StillImage,image/jpeg,Sig.000995,Rex.000995,1840,,Cociña;Ferrol,,,,,,
id000996,,Image;StillImage,image/jpeg,Sig.000996,Rex.000996,1841,,Enfermaría;Ferrol,,,,,,
id000997,,Image;StillImage,image/jpeg,Sig.000997,Rex.000997,1842,,regulamento;Bazán,,,,,,
id000998,,Image;StillImage,image/jpeg,Sig.000998,Rex.000998,1843,,vista aérea;Ferrol,,,,,,
id000999,,Image;StillImage,image/jpeg,Sig.000999,Rex.000999,1844,,Cociña;Ferrol,,,,,,